"id","address_id","email","password","phone","first_name","last_name","role_id"
153,15471,hgash48@wix.com,Pg0JWKY,"82140823",Harp,Gash,2
171,135,jgun4q@deviantart.com,pBtdxna,"59837373",Jenica,Gun,2
413,7784,arabbbg@a8.net,"0wTxPwm","55957284",Arnie,Rabb,2
1,37054,stunnoch0@hubpages.com,PDP6r7,"92081400",Syman,Tunnoch,2
2,12675,gchellenham1@forbes.com,Uht9gqsdDe,"69823917",Golda,Chellenham,2
3,38144,rspurret2@weather.com,XptlJrL8E,"24971229",Royall,Spurret,2
4,23094,kellson3@newyorker.com,w9bqem,"31994789",Kelcie,Ellson,2
5,4313,wjakucewicz4@booking.com,drxYDm,"40937899",Warde,Jakucewicz,2
6,33119,wbuttle5@sbwire.com,TROzkt,"90669140",Wendel,Buttle,2
7,34335,nskarman6@sbwire.com,txq0xft2KgZ,"69878469",Nert,Skarman,2
8,28375,rflowerdew7@nbcnews.com,T474ru,"54294416",Rorie,Flowerdew,2
9,5646,blujan8@disqus.com,fLMZpKn,"98217459",Burnard,Lujan,2
10,21193,fstreatfeild9@fotki.com,D8ioFQXuB,"98152904",Filide,Streatfeild,2
11,36516,claugiera@gmpg.org,nZVaMp,"86619339",Coleman,Laugier,2
12,4505,pwengerb@elegantthemes.com,"4LFUi83bs2Sw","31915971",Padgett,Wenger,2
13,39161,htilzeyc@google.co.jp,tWUzv5CxYdUj,"91329478",Hakeem,Tilzey,2
14,31379,chollylandd@unicef.org,eBdSapomdn9,"89558177",Conny,Hollyland,2
15,9461,mtorbette@imageshack.us,xL1ihV,"38868963",Malvina,Torbett,2
16,36020,amcteerf@squidoo.com,"65Pp3n","97518627",Adriane,McTeer,2
17,37472,mstevingsg@pen.io,twXjp6UsG,"95837868",Marv,Stevings,2
18,31847,cbeigh@statcounter.com,bEv5YR8JN,"46768433",Celine,Beig,2
19,15296,dkofaxi@bravesites.com,Tg3lcj5,"29237987",Dara,Kofax,2
20,28208,mkolyaginj@sohu.com,MDoE85ACZrY,"44435630",Marlyn,Kolyagin,2
21,32446,pridgewellk@wp.com,tZBnnmDgI,"70497987",Patrica,Ridgewell,2
22,6674,umarkusl@csmonitor.com,UUe2cn2xPIpA,"60253863",Uriah,Markus,2
23,20446,bjatczakm@mozilla.com,iXBPU0vIZ,"32438304",Brandon,Jatczak,2
24,14772,vbonifacen@wsj.com,jxZiysInU80j,"35228376",Virge,Boniface,2
25,26028,cohoneo@networkadvertising.org,Xvof696,"78747855",Celie,O'Hone,2
26,19938,scisarp@github.io,RANd4JZXP8I,"20953385",Sosanna,Cisar,2
27,31002,cgrunsonq@sfgate.com,npNdpW1M4zlB,"83458302",Chelsae,Grunson,2
28,38017,tdealeyr@google.ru,wyv4lGstPCr,"36449582",Tracey,Dealey,2
29,1459,mainscows@un.org,LnegLIA,"28312030",Mannie,Ainscow,2
30,28231,nwastlingt@twitpic.com,ErPaymNGV,"28056044",Nanice,Wastling,2
31,21483,jdearnalyu@slideshare.net,OBRmQn1VvN,"85511415",Janna,Dearnaly,2
32,29036,bmuzziniv@wordpress.org,rP0OvWeLm,"28774924",Bronnie,Muzzini,2
33,1347,osherburnw@sphinn.com,mvs1AURKmfT,"59787191",Ogdon,Sherburn,2
34,35595,jfesbyx@wikispaces.com,VJepzglgD,"87445839",Jennica,Fesby,2
35,30229,ystrongitharmy@cornell.edu,DXblWFf6,"91929223",Yardley,Strongitharm,2
36,16074,junsworthz@bloglovin.com,RKwJKxk0wYC,"53945107",Joannes,Unsworth,2
37,35349,skanter10@ask.com,"5MysCl2p","66820085",Somerset,Kanter,2
38,1609,kruppelin11@gravatar.com,"7iCSWzO","89029469",Ketti,Ruppelin,2
39,27255,fmclewd12@oakley.com,"4jOCYZUn","91565396",Felizio,McLewd,2
40,15182,tmoodie13@bandcamp.com,"5zhhugYQ","23451273",Theressa,Moodie,2
41,13834,hfeatonby14@gravatar.com,S9IkDPr4Ed,"56373536",Hogan,Featonby,2
42,13538,mvanderbeken15@sciencedaily.com,zgwmoZh,"87761717",Marrissa,Van der Beken,2
43,21156,aclaibourn16@cnn.com,"3yMaSZFY","20771637",Ailey,Claibourn,2
44,27519,asaltsberger17@theatlantic.com,"3jQ1nM161kP","43985668",Ange,Saltsberger,2
45,30301,qrockhall18@wiley.com,MmMfscI2HQ8T,"66691672",Quinton,Rockhall,2
46,19171,cwallbutton19@people.com.cn,CrIvkyeM,"96155375",Carmel,Wallbutton,2
47,19651,dpowles1a@imdb.com,jUd2EHq8e720,"27885370",Dex,Powles,2
48,5808,bhadlow1b@google.com,wIMNBIEA6,"71979165",Berni,Hadlow,2
49,35710,vevetts1c@unicef.org,l2k3ZudbpADS,"44137749",Vladimir,Evetts,2
50,20226,fmacdermott1d@independent.co.uk,T11sqgp4yA,"75384764",Flinn,MacDermott,2
51,12201,shinzer1e@narod.ru,kSyUrS6IiWF,"24327405",Stormy,Hinzer,2
52,33398,cantonomoli1f@samsung.com,TN2otF5,"22403034",Chaddie,Antonomoli,2
53,21327,fhorley1g@yellowpages.com,XizQNgQBuqSt,"31817510",Fallon,Horley,2
54,23918,jrathborne1h@spotify.com,CWLUOmMs1j,"91486442",Josephine,Rathborne,2
55,5098,mbande1i@google.cn,vv9eM0rRBP,"43675333",Murry,Bande,2
56,37610,etighe1j@list-manage.com,"3NYxDnmHVxB","45108105",Elden,Tighe,2
57,20145,ekennelly1k@mediafire.com,rCMZoj4sZT,"56256231",Elga,Kennelly,2
58,28269,ctineman1l@dailymotion.com,"6ahEdpKDXLT","79003057",Chalmers,Tineman,2
59,22273,lbertomeu1m@odnoklassniki.ru,yD07sLb4o,"41151830",Loralee,Bertomeu,2
60,22951,cpietasch1n@booking.com,"1Le5Nv06V","82878438",Clementine,Pietasch,2
61,26249,pmcvie1o@arstechnica.com,me8euGLM,"75559890",Pren,McVie,2
62,8551,moldaker1p@chron.com,u6IO8vzP,"33246680",Marigold,Oldaker,2
63,18489,mpassie1q@jigsy.com,jxkfOFjUDl5h,"50483816",Mikaela,Passie,2
64,5434,tlennox1r@sina.com.cn,GVDH7C,"87767804",Tildie,Lennox,2
65,25431,wmeredyth1s@jiathis.com,y39Xw3,"94929553",Witty,Meredyth,2
66,18732,rdosdill1t@livejournal.com,a1hQkTKII,"45676390",Robbie,Dosdill,2
67,14180,kgwyther1u@dyndns.org,X3PrsO,"73709712",Kandace,Gwyther,2
68,32490,cbarbrick1v@wisc.edu,U9NBW0DVgQM,"70322593",Cassy,Barbrick,2
69,22240,lalelsandrovich1w@harvard.edu,"1fQd7w","99788157",Lucais,Alelsandrovich,2
70,7961,uhuggett1x@prweb.com,IQyX7v,"99861288",Ula,Huggett,2
71,37195,hcrich1y@boston.com,kLImZ87,"32945250",Hetti,Crich,2
72,29592,bzumfelde1z@google.ca,PmYtJXR4T5,"33160622",Boy,Zum Felde,2
73,13741,mpleager20@fotki.com,"4CLzM98ajr","58995750",Mame,Pleager,2
74,5405,ashewsmith21@globo.com,Sl0JnQYcv,"58082180",Aleta,Shewsmith,2
75,5717,nceles22@redcross.org,Gh5cmDHDzzh,"78981237",Nissy,Celes,2
76,1610,dayrton23@ibm.com,"8wTu7dvhM6as","51146020",Dino,Ayrton,2
77,6603,hmixworthy24@china.com.cn,"3DFxGE67JAl9","73478076",Haroun,Mixworthy,2
78,9157,gauchinleck25@state.tx.us,j3NzDcCH,"77210505",Garold,Auchinleck,2
79,36280,mwarren26@theguardian.com,Tgxdj20fVZLV,"38454701",Morry,Warren,2
80,23716,vdrinan27@networkadvertising.org,lTeiqEcvv4T,"31555482",Vi,Drinan,2
81,31141,pmuffin28@soundcloud.com,ASe2yh,"43012490",Phil,Muffin,2
82,12112,bfolliss29@ifeng.com,QjbNk0dV,"52796245",Benedetta,Folliss,2
83,29327,vbalam2a@wp.com,iJqdG3,"65376843",Vevay,Balam,2
84,9853,smacgillivrie2b@msu.edu,SoVDSqBaKwT,"71914802",Sherwynd,MacGillivrie,2
85,29724,cwheaton2c@omniture.com,lZy1EU,"46735803",Claybourne,Wheaton,2
86,27770,awestcar2d@examiner.com,Cz8voF1,"33850456",Armando,Westcar,2
87,23054,mainscough2e@google.de,ZdCYqEIyJw,"22670038",Missie,Ainscough,2
88,14331,kpumphrey2f@ameblo.jp,"8Wh6cdEfcYp","64964679",Keith,Pumphrey,2
89,33380,wmeadus2g@illinois.edu,WVGxRgo6G,"80172780",Ware,Meadus,2
90,8856,aphythien2h@seattletimes.com,t1hPmExIX,"34257602",Abbi,Phythien,2
91,12309,emaccaig2i@netlog.com,TPClrZEazK,"86531228",Ermina,Maccaig,2
92,29415,iblackaller2j@php.net,QBeSRmOXeJ1,"97483396",Ian,Blackaller,2
93,32554,whuygens2k@xing.com,"5hA11zi","84466745",Waldon,Huygens,2
94,13498,mluckie2l@salon.com,UxVU9yiZR,"79489725",Matt,Luckie,2
95,37512,bferronier2m@hostgator.com,ld9HfEOo,"72679360",Bordie,Ferronier,2
96,11386,oprosh2n@naver.com,RsQnodSEv29,"90987790",Orren,Prosh,2
97,6080,lrippon2o@myspace.com,"4kZevsEjk","40327114",Linette,Rippon,2
98,23257,sfillary2p@cocolog-nifty.com,O1QtB3LBpH8o,"71670951",Svend,Fillary,2
99,6721,ymccudden2q@weather.com,Dj5my8Vxw,"44749684",Ynez,McCudden,2
100,5868,rfroom2r@newsvine.com,PWrPZ9Np2zD1,"49197002",Rafaelita,Froom,2
101,8075,edowers2s@cnn.com,FbnXl3CVV5,"24442073",Euell,Dowers,2
102,5274,ghubble2t@google.fr,NNz5mRki,"86084301",Georgeta,Hubble,2
103,35707,gmatic2u@chronoengine.com,Pz98bD,"50277989",Gabey,Matic,2
104,3845,ccappineer2v@indiegogo.com,S5xIbOy,"94715878",Clarence,Cappineer,2
105,32464,aminty2w@salon.com,gPMNfFbD4,"52263738",Aime,Minty,2
106,17454,dolner2x@indiatimes.com,WL7zspOXvzhw,"44784421",Dorita,Olner,2
107,11765,dmugleston2y@ftc.gov,"2r88JS","20654882",Donia,Mugleston,2
108,31662,tmelsom2z@blog.com,ynPanPaJ,"62913852",Travis,Melsom,2
109,15888,ewildey30@wired.com,"6nO0xtvp","55680012",Eberto,Wildey,2
110,14821,aomullally31@liveinternet.ru,LUxJLS,"21498090",Anette,O'Mullally,2
111,3430,gbogart32@reverbnation.com,lEdgplaTEd4g,"49973491",Glynda,Bogart,2
112,31180,bdepper33@who.int,"78wwETzf1u","40071341",Brittni,Depper,2
113,20695,laizic34@ca.gov,OanpiLJO,"24244723",Lance,Aizic,2
114,33564,kpow35@google.cn,MCX1hgvbhEWP,"38688804",Kincaid,Pow,2
115,17471,gseyffert36@stanford.edu,mbdyCNs,"35011962",Gage,Seyffert,2
116,27427,ptallowin37@istockphoto.com,g7hEADnjLk,"23761086",Papagena,Tallowin,2
117,18533,arestieaux38@google.com.hk,DlXlzTQSfU,"97083412",Adler,Restieaux,2
118,26298,bmawdsley39@nba.com,zngLJdrdPZrC,"43810627",Benny,Mawdsley,2
119,19988,sdonegan3a@toplist.cz,uorFb9hBB,"73008452",Sandie,Donegan,2
120,31585,wbance3b@businessinsider.com,GI1HCYaM6VHK,"38322104",Witty,Bance,2
121,21119,tforestall3c@nih.gov,kMSMTW5uz,"83584141",Tamas,Forestall,2
122,22289,tcissen3d@seattletimes.com,MVL6LX9i,"99210975",Terencio,Cissen,2
123,27374,sfinicj3e@tripadvisor.com,HDag2Gmn,"44366265",Sybil,Finicj,2
124,39063,eclifton3f@nymag.com,RyoDpmYf4O8,"70813436",Elissa,Clifton,2
125,14234,awidmoor3g@admin.ch,kT0wOy,"86315628",Almeta,Widmoor,2
126,17662,rgarden3h@tuttocitta.it,CLNIpkpKTj6,"20570706",Ronnie,Garden,2
127,11201,nhaffner3i@usda.gov,"7SpQhHaGWr","32253517",Nada,Haffner,2
128,33016,cboeter3j@nationalgeographic.com,eIE5jRy,"45294689",Catherin,Boeter,2
129,13661,csilcocks3k@nps.gov,RXGP4vCondNG,"75913165",Calley,Silcocks,2
130,36908,ahowkins3l@tripod.com,"5ocScvKyNOW","55780269",Artemis,Howkins,2
131,20360,mmckechnie3m@weibo.com,HOe9IoSUb,"36094813",Mill,McKechnie,2
132,4961,acuxon3n@wiley.com,E8LpMA,"65184539",Aurie,Cuxon,2
133,36943,gblunn3o@abc.net.au,ibcJwGRnO,"51373424",Gabi,Blunn,2
134,18773,tblackburne3p@booking.com,pYWmAF,"59250686",Tomkin,Blackburne,2
135,33411,agumme3q@smugmug.com,EuShtIXbBeM0,"39396237",Ancell,Gumme,2
136,31341,chonywill3r@reference.com,jpmXfaEuBw,"87970862",Cordy,Honywill,2
137,38383,hrickword3s@360.cn,dUuWU4,"30166421",Heindrick,Rickword,2
138,9684,hrottcher3t@deliciousdays.com,W7wO1p,"92028106",Hilarius,Rottcher,2
139,25182,imccurlye3u@globo.com,uhj2xLpZq,"84354761",Ingmar,Mc Curlye,2
140,16532,obushe3v@constantcontact.com,gkn18tQHivk,"21948582",Othelia,Bushe,2
141,7236,hambrodi3w@va.gov,hDGsRRIr,"80018423",Homer,Ambrodi,2
142,38618,jmenego3x@twitpic.com,"7L8rHiNpD","27388212",Jillene,Menego,2
143,14898,lchristin3y@wikia.com,rsWl6r9UX0,"67145939",Land,Christin,2
144,25814,rhryniewicz3z@smh.com.au,FuuK7ninSm,"93347281",Robin,Hryniewicz,2
145,13089,svalentine40@smh.com.au,Ce8Dmtul,"24376175",Sheela,Valentine,2
146,14154,efrondt41@miibeian.gov.cn,eCnu18itX,"59160998",Emmi,Frondt,2
147,25296,kbree42@zdnet.com,"0CHIGOf2xRE","54944848",Karel,Bree,2
148,23997,sgrishagin43@aol.com,chIZiaVsf,"29288145",Sonni,Grishagin,2
149,303,bchetwin44@stanford.edu,B4PhqeVCOOK9,"89224619",Bobbi,Chetwin,2
150,4868,eoliva45@google.it,sE8FasuJR,"27577649",Enrique,Oliva,2
151,29268,kmatuskiewicz46@php.net,hcFMXj,"46059756",Karlan,Matuskiewicz,2
152,28205,mwhiskin47@cocolog-nifty.com,gkrjrpX,"76042946",Micheil,Whiskin,2
154,13943,rmccarle49@posterous.com,E8L9vfiD5htz,"53118742",Reynard,McCarle,2
155,27638,mwatford4a@springer.com,sDcKlLH1P,"60648585",Malinda,Watford,2
156,6607,cperry4b@sina.com.cn,Idsr8yv4Fhh,"80973734",Cherie,Perry,2
157,1371,bsharland4c@reddit.com,xi2gXfbn,"56647140",Barny,Sharland,2
158,14338,yseignior4d@arizona.edu,b41XGdhR,"30266532",Yule,Seignior,2
159,21802,gmacellen4e@furl.net,"9aAxKx95a","86554102",Galvin,MacEllen,2
160,16364,tmccosker4f@gizmodo.com,wWO9nJ,"34584107",Torey,McCosker,2
161,19882,khannigane4g@upenn.edu,jz3ZDNXH,"51361066",Karmen,Hannigane,2
162,21612,qfernandes4h@ning.com,RzAN2iR,"36678440",Quill,Fernandes,2
163,38915,sstoaks4i@amazon.de,AyBpQ9,"81639750",Sandie,Stoaks,2
164,20320,tisabell4j@privacy.gov.au,"05nLLu","26842841",Terry,Isabell,2
165,28691,kburley4k@feedburner.com,fxJPd91E,"87792107",Kris,Burley,2
166,854,lcharville4l@harvard.edu,YdCEb4SQf8,"74504573",Luelle,Charville,2
167,13702,ckeneford4m@google.de,YKUYMx65j,"58641074",Carlin,Keneford,2
168,39321,kyakushkin4n@bravesites.com,nOHTtb,"38955510",Kele,Yakushkin,2
169,32092,bromaines4o@t-online.de,Z7UxN0,"72398837",Brandy,Romaines,2
170,24381,cyurchenko4p@stumbleupon.com,CTHwSwiXU5Jy,"87682030",Currie,Yurchenko,2
172,9985,ccolrein4r@nydailynews.com,LcnGak,"95964173",Consuelo,Colrein,2
173,6174,abrentnall4s@shutterfly.com,"6ZphM2NwUI","94285744",Ameline,Brentnall,2
174,25239,gpawelczyk4t@desdev.cn,"0GE4uHTq","58016799",Gibbie,Pawelczyk,2
175,2524,ajewers4u@w3.org,"8WnI5UnFEOaL","54911560",Amii,Jewers,2
176,12111,ykremer4v@last.fm,etEA4tBoF9,"50272048",Yorgo,Kremer,2
177,6168,sbadgers4w@plala.or.jp,TSJD2OrrAO,"87832017",Siegfried,Badgers,2
178,1690,lswinburne4x@cpanel.net,cftyEbpAv3B,"84285368",Lexis,Swinburne,2
179,32225,kacedo4y@shinystat.com,piDnpnqlzn,"75192265",Kristofor,Acedo,2
180,34015,csnowdon4z@is.gd,TRYog6FkV,"39518819",Court,Snowdon,2
181,7160,astolli50@apache.org,HD3xyHtS,"45345519",Alf,Stolli,2
182,17696,kruprechter51@jalbum.net,fuBor48X,"27997261",Katalin,Ruprechter,2
183,6376,mspurge52@vimeo.com,FFTNKZ4pG0SB,"48378251",Melesa,Spurge,2
184,30229,jmartugin53@apple.com,MNJm0nirHB,"34417722",Jany,Martugin,2
185,13163,mmcgillivray54@ycombinator.com,MsRETgUTD,"65563537",Marlena,McGillivray,2
186,14606,mallcott55@europa.eu,i51GRcUmt9Om,"37377680",Mariejeanne,Allcott,2
187,34899,hredgate56@ucoz.com,byAxoqnbEu,"61794508",Horatius,Redgate,2
188,3529,lipwell57@cdbaby.com,SG3lDstGq,"32924956",Lotti,Ipwell,2
189,4034,lbottom58@soup.io,H0au8SS,"55732935",Lorette,Bottom,2
190,31541,atorre59@hc360.com,mHBTTjOfkCvu,"26068396",Angele,Torre,2
191,12530,bkingsland5a@chron.com,JA0Az4DFk,"86580850",Burch,Kingsland,2
192,3870,feveral5b@mlb.com,Fh8IV7zmK,"84010316",Fabiano,Everal,2
193,16876,hsarle5c@webmd.com,ZAiaqJ,"51266391",Husein,Sarle,2
194,21765,ojeannel5d@issuu.com,nMsZua02qTr,"83224682",Odey,Jeannel,2
195,22974,mtompkinson5e@nytimes.com,huXmXRBsKi,"31840049",Mariska,Tompkinson,2
196,35158,wsumpner5f@cloudflare.com,RZAKx41,"86381147",Whittaker,Sumpner,2
197,8483,gpeterffy5g@theatlantic.com,KkpoqI,"39913837",Glen,Peterffy,2
198,38143,ldevericks5h@si.edu,LHdhuZWr4,"29581028",Linnie,Devericks,2
199,4860,lgatman5i@dell.com,xubTjd,"94643549",Luisa,Gatman,2
200,1109,jrecord5j@people.com.cn,A2FZm7u,"60352971",Jonie,Record,2
201,6029,lolunney5k@theglobeandmail.com,wTRy0FPxfz,"98811820",Lodovico,O'Lunney,2
202,29715,flimbert5l@tmall.com,urUeXpBQ,"86563815",Frederica,Limbert,2
203,32246,rvanderhoog5m@oracle.com,qwPwK2lEAW,"28331441",Rance,Van Der Hoog,2
204,10997,kmack5n@narod.ru,F8hzaOK1JGIC,"91952922",Kari,Mack,2
205,22987,vberns5o@phoca.cz,l40UuBfTPq,"43835879",Virginie,Berns,2
206,18834,ubram5p@epa.gov,fy5G06,"39987275",Ursuline,Bram,2
207,25176,gheineken5q@eventbrite.com,tw8Jbi,"21212447",Gene,Heineken,2
208,29290,fmartinetto5r@i2i.jp,YqX1hsNxfUzg,"24100193",Faythe,Martinetto,2
209,19688,btallis5s@harvard.edu,wLQGiC2xUO,"50009426",Bree,Tallis,2
210,15535,dcroydon5t@yellowbook.com,P8YGSIf0Ry,"40628055",Daryle,Croydon,2
211,37591,bcorselles5u@archive.org,YsHlKEQ,"56826704",Burlie,Corselles,2
212,19462,arubinfeld5v@unesco.org,C2z5feUXwTG,"90425897",Alden,Rubinfeld,2
213,24444,gbrame5w@dropbox.com,Gfxw0yd0XMfW,"42675743",Gale,Brame,2
214,24540,rjakes5x@stumbleupon.com,"9gIkzksW","42354326",Raquela,Jakes,2
215,14335,fdrain5y@google.ru,RyYktPsL7G1,"39873482",Fabian,Drain,2
216,8583,oglaze5z@ucoz.com,"7zxesNnC","68298935",Odella,Glaze,2
217,22116,cupjohn60@weebly.com,tA9F4I63CdN,"99775164",Cacilie,Upjohn,2
218,8064,dsimonini61@storify.com,LzaByyvkncMZ,"30072989",Daren,Simonini,2
219,17434,ctreat62@infoseek.co.jp,L1Lpwx7,"58120299",Connor,Treat,2
220,30892,pogelsby63@dell.com,aieQtHkvaIoB,"88108482",Patsy,Ogelsby,2
221,17383,smaccleod64@forbes.com,Vht8Te0yuW2,"40373571",Sammy,MacCleod,2
222,30196,bbawle65@fema.gov,DQhh2i,"27782968",Bell,Bawle,2
223,15549,kjudgkins66@icio.us,dTvhuGO,"98846833",Kelsey,Judgkins,2
224,26053,nwingham67@oakley.com,YoEXi8aX5,"25342644",Nolana,Wingham,2
225,34387,rbonnin68@cpanel.net,ZPlCQ8g,"42825374",Rutherford,Bonnin,2
226,39066,tbelle69@princeton.edu,VIsvJRFsrF,"98391606",Terrence,Belle,2
227,4152,anano6a@skyrock.com,retayf,"66669188",Annetta,Nano,2
228,10007,fducarme6b@unesco.org,qhCXMtysqMM,"85051734",Fax,ducarme,2
229,4488,cpaulton6c@gnu.org,mDpVltPlSY,"95690569",Camile,Paulton,2
230,37579,nbrimming6d@scribd.com,ziAyNRIR8tU,"96411228",Neysa,Brimming,2
231,22440,edeuss6e@rambler.ru,YNZN2hEoF,"79596329",Eba,Deuss,2
232,22390,blademann6f@reddit.com,znlxi6,"23759487",Brantley,Lademann,2
233,25010,avoss6g@stanford.edu,NqlmaGyZ,"48958151",Angie,Voss,2
234,4157,tpeeters6h@biblegateway.com,"91aUVD4","95835161",Tierney,Peeters,2
235,34595,gmadigan6i@japanpost.jp,NNG4Lcm,"76110188",Gillian,Madigan,2
236,5825,tengeham6j@engadget.com,rmdUkrDAt,"59852429",Tiebold,Engeham,2
237,5865,eendersby6k@lycos.com,G8ne5IVimFx,"61075066",Esme,Endersby,2
238,35682,ccastelli6l@miitbeian.gov.cn,T6fEmJGma,"40806434",Cherye,Castelli,2
239,34654,rluno6m@skype.com,QxY7aANKZQp3,"49801722",Roderic,Luno,2
240,2777,agwynne6n@tiny.cc,SwzZZMDG91,"57631168",Almire,Gwynne,2
241,22485,tcoxwell6o@nifty.com,H0joTC80dph,"99158130",Tiphanie,Coxwell,2
242,34940,ckenwell6p@japanpost.jp,VBLr3OLx,"97143038",Carissa,Kenwell,2
243,24064,abranston6q@intel.com,zexk4mdsHW,"20587576",Andreana,Branston,2
244,11172,vmoyer6r@histats.com,AVVmaGIVR,"53014488",Vachel,Moyer,2
245,35217,aheber6s@mac.com,mNMYrE6vSi,"87273010",Alwin,Heber,2
246,4310,kknowlden6t@trellian.com,inV7h2anzR,"23904930",Katie,Knowlden,2
247,6423,gtheseira6u@ifeng.com,tksgstDVT,"20864977",Guillema,Theseira,2
248,4589,ccreser6v@dropbox.com,"2YYtSA","56749882",Cathi,Creser,2
249,16201,flimprecht6w@scribd.com,YBKS8X,"80272654",Felita,Limprecht,2
250,31272,tflowers6x@digg.com,ash1rlDaG,"37419786",Trueman,Flowers,2
251,4895,ckrates6y@skyrock.com,kCABsYivnn,"36741531",Cathee,Krates,2
252,36894,jgodding6z@arstechnica.com,mcNW5b,"37779613",Julius,Godding,2
253,37130,bcorish70@economist.com,hy67SG4n565,"72269410",Bertina,Corish,2
254,20802,mscarborough71@discovery.com,Ma8KBUb6BO,"53819691",Minny,Scarborough,2
255,36837,mlyons72@google.com.br,ko9T9d1,"35029530",Mirelle,Lyons,2
256,25966,ylovelace73@theatlantic.com,siEjxGdTR,"25162535",Yancy,Lovelace,2
257,5199,qfossick74@vk.com,"1mAvgtP","24041889",Quincey,Fossick,2
258,28125,tcliffe75@si.edu,zLOgbi6YT,"34374902",Tatum,Cliffe,2
259,3571,orapinett76@shareasale.com,YxZHlM,"54161296",Olag,Rapinett,2
260,11807,ewestall77@zimbio.com,lSLgHt,"35270043",Elbertina,Westall,2
261,35872,gkitto78@si.edu,qpEjxzrNzhul,"80570705",Gerrie,Kitto,2
262,26402,jfewster79@mozilla.com,uaM8t80af5Aw,"54634607",Jude,Fewster,2
263,12439,abousfield7a@cnbc.com,mtW2dhM,"95935901",Audre,Bousfield,2
264,26661,macock7b@live.com,FzFUL8UdFfE,"59742191",Milka,Acock,2
265,10010,brau7c@sitemeter.com,bITQ9QP6DoR4,"69299349",Brade,Rau,2
266,24786,fmacmaster7d@ft.com,"0HRaeN2Mx3x","63384567",Fern,MacMaster,2
267,31819,pmartensen7e@over-blog.com,trMASeS,"21227565",Pepi,Martensen,2
268,16677,dtunna7f@simplemachines.org,"4PqBWT1","88024604",Dun,Tunna,2
269,15531,scornejo7g@amazon.co.jp,Ljj1O4ag,"79092207",Stephanie,Cornejo,2
270,13702,talfonso7h@ted.com,WKZl0oqHtefM,"94318001",Timoteo,Alfonso,2
271,29075,jschenfisch7i@feedburner.com,WzDEqu,"70691023",Joshia,Schenfisch,2
272,10858,sschrei7j@dot.gov,hKFZNy,"66527998",Sibyl,Schrei,2
273,18151,mgail7k@latimes.com,AEl5xeXU6Vt,"92209872",Marybeth,Gail,2
274,3015,cbestall7l@nps.gov,A6nvmST,"42641943",Corny,Bestall,2
275,33833,tbarczynski7m@reddit.com,"25vWXvLSnlOG","72654114",Tootsie,Barczynski,2
276,7468,vgionettitti7n@nature.com,"0VGqnoS","47176477",Valina,Gionettitti,2
277,14727,cbenz7o@mac.com,xqqzNrI88W,"28337284",Corella,Benz,2
278,37175,smcginn7p@delicious.com,ppvV4wf,"42130729",Sergent,McGinn,2
279,16890,dsawfoot7q@a8.net,BTtd0lEoq,"25098541",Deanna,Sawfoot,2
280,37883,fmccombe7r@bloglovin.com,fe9ptUTQ,"67561778",Frank,McCombe,2
281,22558,wbonifas7s@wsj.com,r9evo4jSTL,"81140322",Wenda,Bonifas,2
282,33601,wkeddie7t@unicef.org,kEKx80p,"88987738",Wood,Keddie,2
283,6209,wfrankcomb7u@bbb.org,c6EAsU88G5I,"34755159",Wilt,Frankcomb,2
284,24043,jtestro7v@gov.uk,"0j8RcwF4phM","36708586",Jason,Testro,2
285,25446,wmanuel7w@smugmug.com,yj5iTzcOPLS,"32434584",Wes,Manuel,2
286,36938,kspracklin7x@disqus.com,aX2Jtynj0z9k,"88719738",Kare,Spracklin,2
287,7716,cbaybutt7y@dagondesign.com,ob1dDlAiiJ,"20078964",Christian,Baybutt,2
288,8207,sgehringer7z@bizjournals.com,MnUMzugLqy7,"96941123",Sander,Gehringer,2
289,35887,chubbart80@gnu.org,kE1yuwOBu,"22606394",Concettina,Hubbart,2
290,23772,jmactague81@slate.com,"5GLczAnNgy7","89105925",Jilleen,MacTague,2
291,37861,rkopf82@washingtonpost.com,H9VOOyhFd,"73769478",Roslyn,Kopf,2
292,32933,tpentecost83@gizmodo.com,"81gqEu","40303871",Talbot,Pentecost,2
293,552,kkurten84@mtv.com,tyLaiUdTdR,"44816912",Kimberlee,Kurten,2
294,28624,weastby85@go.com,GxMPT9KDAB0K,"26315242",Westbrook,Eastby,2
295,23154,phuntly86@bbb.org,iYSK5qLL,"88867849",Paige,Huntly,2
296,9559,lorniz87@e-recht24.de,DGn5LEt,"65409800",Laney,Orniz,2
297,28431,locanavan88@blogtalkradio.com,MVXf2vskLui,"98799578",Lonny,O'Canavan,2
298,24695,mdevaan89@salon.com,TmcGtmtNkc,"65299554",Minor,De Vaan,2
299,26772,fshird8a@vkontakte.ru,"2gMsvjvRKii","40677100",Florentia,Shird,2
300,35415,sjertz8b@imageshack.us,"1Z01nt9Nel","74809646",Sawyer,Jertz,2
301,35344,ostonuary8c@tmall.com,ULD6pcT2rk6,"35733674",Orelie,Stonuary,2
302,10943,cgillan8d@gnu.org,PTymQjrToK1i,"49672201",Cobby,Gillan,2
303,34335,cblase8e@vinaora.com,jJLusaSGmtgu,"32725396",Cameron,Blase,2
304,14233,yaluard8f@wix.com,YwLu0j9yXftO,"35724965",Yard,Aluard,2
305,22975,gdonwell8g@intel.com,DGPKYWzbm,"24515290",Grantham,Donwell,2
306,9405,svanhaeften8h@ucoz.ru,sAKsL6p9,"88594705",Susannah,Van Haeften,2
307,8627,rcastro8i@amazon.com,rM2cquDOvRuY,"62315226",Ramona,Castro,2
308,33729,ddresse8j@marriott.com,H8mIPk,"80396192",Dela,Dresse,2
309,16265,fong8k@addtoany.com,HBBKy83,"38926455",Florina,Ong,2
310,14981,ndeverock8l@auda.org.au,iCXtDQMZz3,"86162622",Niccolo,Deverock,2
311,18444,ccamis8m@4shared.com,sftFusY,"44085969",Carla,Camis,2
312,19680,msmallman8n@github.io,XfZ86NC8c,"28092084",Mitzi,Smallman,2
313,5678,jbramley8o@51.la,kmb7SoBaRH2M,"40786067",Jed,Bramley,2
314,17042,iyakutin8p@sohu.com,wBaffU,"21120610",Isaac,Yakutin,2
315,16401,ibeavon8q@edublogs.org,"4qWmU93","69824644",Ingar,Beavon,2
316,34458,dchristofle8r@cisco.com,"2pC52ohcN","93949995",Dimitry,Christofle,2
317,12412,mgenny8s@jalbum.net,LuRy5YU,"91116525",Mendie,Genny,2
318,10913,amcbrearty8t@surveymonkey.com,TJ1l6EZgC,"89466619",Adena,McBrearty,2
319,36714,ghansen8u@xing.com,i6pzt4wX9D,"61457872",Gordan,Hansen,2
320,31375,abrokenshaw8v@oaic.gov.au,Un32Gkrq2,"65958901",Adolpho,Brokenshaw,2
321,14993,dguilford8w@ted.com,bEmtY6Fzd,"44160739",Davis,Guilford,2
322,3088,rtibb8x@huffingtonpost.com,A9HgY3ZXx,"94334818",Rebeka,Tibb,2
323,11661,jmulheron8y@guardian.co.uk,eY7cf2dt880,"74370743",Jeane,Mulheron,2
324,29648,eprisk8z@washington.edu,RNEGhPVvG9,"82074595",Elias,Prisk,2
325,8796,cslamaker90@google.co.jp,OuQHjOP,"44169994",Christan,Slamaker,2
326,33700,amedford91@wikimedia.org,cI7ZQ1,"80076572",Ashil,Medford,2
327,5596,lblooman92@sitemeter.com,"93w2v1rCU","46082238",Lynnell,Blooman,2
328,19328,coppie93@arizona.edu,u7mHsZfExOqX,"87360004",Conan,Oppie,2
329,31061,dcrinion94@rambler.ru,CElCC6,"72621521",Den,Crinion,2
330,32591,gcrampton95@sphinn.com,"0sjioCnldOr","61356897",Grissel,Crampton,2
331,2345,cpedlingham96@delicious.com,xAKVCFtMeJ9P,"94079901",Cece,Pedlingham,2
332,32372,agregersen97@indiegogo.com,"4PA59BK","60364192",Aurelea,Gregersen,2
333,34148,abrainsby98@typepad.com,"4krwCvXIH","99216305",Ajay,Brainsby,2
334,17224,mvint99@ow.ly,t3OQzlC8k4ab,"56621311",Marcille,Vint,2
335,6128,cdudderidge9a@hud.gov,sf7R5x,"34302632",Clem,Dudderidge,2
336,16008,jmcgruar9b@mac.com,BeqKLXJJVHG,"44547636",Jesselyn,McGruar,2
337,21712,dnoyce9c@livejournal.com,P1260lf6UF,"41576988",Darby,Noyce,2
338,14343,ecarlow9d@vk.com,yOUKMyeygm,"33637672",Eduard,Carlow,2
339,36517,dfiddeman9e@rambler.ru,A00r1TTYzwh,"64617269",Darill,Fiddeman,2
422,15004,rangrickbp@wiley.com,jn7cUukWxq,"55006780",Ricki,Angrick,2
340,345,hlantuffe9f@reverbnation.com,Dpbc3OM,"63770882",Henrik,Lantuffe,2
341,32713,wcownden9g@earthlink.net,ZGAHeiq6MC,"72094860",Whitman,Cownden,2
342,34622,lpeacop9h@upenn.edu,olEnauLfpu,"29056344",Lek,Peacop,2
343,28191,vince9i@techcrunch.com,pu9V5wYf,"95181563",Viviana,Ince,2
344,20549,rharsent9j@hostgator.com,F7G4af,"46579260",Ros,Harsent,2
345,30926,iinmett9k@harvard.edu,bkiBZeb,"87929279",Ibby,Inmett,2
346,11586,knussii9l@shareasale.com,Uh4poS,"76852890",Kylila,Nussii,2
347,27946,besseby9m@salon.com,HAkSrnyZUASc,"85816609",Britni,Esseby,2
348,28220,shartropp9n@shareasale.com,Y5Ok9o,"90331071",Sada,Hartropp,2
349,34231,fkeston9o@arstechnica.com,ikByAX,"40295331",Feliks,Keston,2
350,5082,dtomaszewski9p@archive.org,NHkS6p624,"77441742",Dennie,Tomaszewski,2
351,21194,pgraham9q@icio.us,ZmbIK7GoE2,"45491089",Poul,Graham,2
352,11233,lkemmish9r@dyndns.org,nc64O7Q6,"21734647",Lissi,Kemmish,2
353,25033,mhaward9s@sciencedaily.com,atAFVY8o7Jx,"36315958",Merry,Haward,2
354,5104,mstalman9t@harvard.edu,eXOAOGG,"27219291",Milli,Stalman,2
355,16462,gmclagain9u@samsung.com,Ekzjtd64Hu9,"75095328",Glad,McLagain,2
356,10316,cclemens9v@harvard.edu,eKx9ixp,"67427118",Consalve,Clemens,2
357,27239,satwell9w@walmart.com,Cm62tcU,"51627312",Shaw,Atwell,2
358,24410,dhavercroft9x@google.fr,PMhOtaOEB,"32667820",Deirdre,Havercroft,2
359,4191,aleyrroyd9y@google.de,"2y4ehoH7P7","47890690",Arvy,Leyrroyd,2
360,7144,hgrigson9z@biblegateway.com,roW613Do6X,"67782003",Harmon,Grigson,2
361,32846,lcrudena0@state.tx.us,No33zcDMYx26,"47042348",Lizette,Cruden,2
362,10633,ilandora1@bandcamp.com,wPUczbASTYoW,"52728811",Izak,Landor,2
363,26228,adeschellea2@sina.com.cn,QkN1tc,"89326975",Antoni,Deschelle,2
364,19284,vesplina3@umich.edu,ol6mXo,"74598480",Van,Esplin,2
365,36326,dmurrhardta4@mashable.com,"4N8qTKG7g9F","44067576",Drake,Murrhardt,2
366,13012,ileflocha5@google.co.jp,YfgeRvfm,"96532486",Inez,Le Floch,2
367,24861,lgalbreatha6@soundcloud.com,eoTor9QNKHr6,"24018205",Luelle,Galbreath,2
368,25348,mcockneya7@arstechnica.com,YqaMsWLu,"68527212",Maryann,Cockney,2
369,33123,dmughala8@ucla.edu,RvLyxW,"60047678",Dani,Mughal,2
370,26999,afidelea9@soup.io,d2MBqZx3rG,"42195944",Alica,Fidele,2
371,32105,bschieferstenaa@soup.io,Vo4KCSyls,"37981210",Betsey,Schiefersten,2
372,29334,smorgansab@shinystat.com,"72Q8IYcjtKUe","21316278",Sterne,Morgans,2
373,1779,jbosworthac@discuz.net,RKPuvfTm,"84308942",Jenni,Bosworth,2
374,25430,arichardonad@digg.com,"5kassr","24850448",Artus,Richardon,2
375,1980,aguillondae@goodreads.com,ec8ooqrm,"87529181",Allianora,Guillond,2
376,578,krollinaf@reddit.com,hHc0DYwGU,"64340999",Kiersten,Rollin,2
377,10422,rwathallag@sakura.ne.jp,PDs7mYT,"96221980",Rhonda,Wathall,2
378,36313,lguillainah@wsj.com,YdVoDOpRNK,"29332523",Ludvig,Guillain,2
379,6389,cbridleai@prweb.com,UbG6840PqSlg,"53799325",Charisse,Bridle,2
380,20193,mtubbyaj@uiuc.edu,ndjUOBfN6lu,"41272731",Melody,Tubby,2
381,4295,hradbondak@free.fr,"1BHb425qrls","85530695",Holmes,Radbond,2
382,15534,obrinsdenal@loc.gov,ID0ivzz,"23723353",Olive,Brinsden,2
383,38223,jatmoream@wikimedia.org,"6dypiw1nwxD","56887897",Jeannette,Atmore,2
384,12806,dclappan@hexun.com,PwvSalm,"53511731",Dallas,Clapp,2
385,31723,lwaleranao@abc.net.au,f8HSzU,"33040541",Lemuel,Waleran,2
386,32216,msatterlyap@icq.com,KBgjZFB8t1,"74542991",Maggi,Satterly,2
387,11198,rmillbankaq@time.com,"7cNm8ox","29480602",Ranna,Millbank,2
388,8060,tparoniar@spotify.com,"7i9MUQ","69498875",Thane,Paroni,2
389,22385,vfelkinas@google.ca,CTgylY9,"28859557",Vin,Felkin,2
390,25439,rlochheadat@go.com,MF6iwtPkx,"77089951",Rowena,Lochhead,2
391,20227,cpriscottau@eepurl.com,mhTrJttpe,"80225961",Cory,Priscott,2
392,17186,irennyav@zdnet.com,UA3gWZqGe6l,"36196224",Ingunna,Renny,2
393,6863,pswansonaw@bigcartel.com,BilO9wbA9l04,"51560034",Peggie,Swanson,2
394,35402,clogesax@unesco.org,KjMFIPmF872,"37725211",Corabelle,Loges,2
395,18233,emcluckyay@blog.com,qMW4MDe0Qwqn,"60775882",Elias,McLucky,2
396,31925,bfarrantsaz@barnesandnoble.com,aT9uts,"21296837",Barde,Farrants,2
397,8237,hspentonb0@harvard.edu,hT5xg3m,"30027417",Heath,Spenton,2
398,5747,lvakhoninb1@google.com,"39ShOelebGru","71371054",Leonard,Vakhonin,2
399,15121,clauretb2@sphinn.com,SCKAZw4Q,"74213604",Charity,Lauret,2
400,7216,ecorneyb3@friendfeed.com,"7a0TON5xYP","37316970",Emmy,Corney,2
401,26312,kpedicanb4@theguardian.com,zgrxBA6AA0AP,"79344179",Kilian,Pedican,2
402,28871,dflockhartb5@who.int,iYraFi,"50342502",Damien,Flockhart,2
403,26630,mpinwillb6@ovh.net,s4cfihE,"22081620",Michaella,Pinwill,2
404,12444,rroseb7@liveinternet.ru,q3iVxR5G6lK,"28918745",Robby,Rose,2
405,22052,ljaquesb8@hatena.ne.jp,YLDEW0N8s,"70080698",Lara,Jaques,2
406,3624,jneevesb9@uiuc.edu,DFGPm7Cf,"46740939",Johnnie,Neeves,2
407,3250,gkingcoteba@w3.org,Z6YkKPwrb,"45628405",Gabriello,Kingcote,2
408,25459,rhutonbb@usatoday.com,eoonzzj,"83372870",Rubi,Huton,2
409,23640,lnewvillbc@hao123.com,"1hdQrByP9","54813958",Lloyd,Newvill,2
410,5228,tarnullbd@state.tx.us,"6d3L7HdLqH87","51190109",Towney,Arnull,2
411,27984,clantbe@dailymail.co.uk,tegdqTeCk,"57674274",Clari,Lant,2
412,2346,jdemalcharbf@wp.com,LBpKaGzATXV,"84645442",Jenna,De Malchar,2
414,29372,hebbersbh@mashable.com,wKAfqnT,"20771169",Haroun,Ebbers,2
415,27954,wjaskiewiczbi@com.com,chf6EXJmp,"39022685",Wilbert,Jaskiewicz,2
416,38117,rcrysellbj@webmd.com,"3qq0lxsyT","33119053",Rosmunda,Crysell,2
417,27587,cresidebk@trellian.com,lItqhQBN6WR,"23833018",Clyve,Reside,2
418,37217,ftreadgearbl@nba.com,NrASwR,"66622055",Field,Treadgear,2
419,17297,dsowmanbm@ask.com,EJFZzghDBJ,"95173085",Demetri,Sowman,2
420,21902,mloomisbn@utexas.edu,nIZZS1,"55103638",Mona,Loomis,2
421,8754,bcolmorebo@goodreads.com,km08IZIXu,"51438292",Bobbie,Colmore,2
423,16082,rreinersbq@japanpost.jp,o2GkARqH,"20324493",Rowland,Reiners,2
424,751,sscanlinbr@live.com,SXSwn9T,"73099406",Suzi,Scanlin,2
425,20771,omainsbs@wix.com,xWpMBL3,"41595495",Olive,Mains,2
426,14652,aoppybt@noaa.gov,"4pB4zYEP","79611800",Anica,Oppy,2
427,28576,sgabitisbu@guardian.co.uk,M6rQH20wIunF,"93467301",Shelby,Gabitis,2
428,31934,rkernerbv@marketwatch.com,FXUJ7fnGkK9D,"58608450",Rawley,Kerner,2
429,23304,mvauxbw@google.cn,"9L8wzfvISt","91544821",Margalo,Vaux,2
430,22058,sblowfieldbx@epa.gov,"1bqDPh3YORlO","62313934",Salim,Blowfield,2
431,34379,darentby@bing.com,kX1vRwIao,"53956966",Daisie,Arent,2
432,31287,tbeechambz@reference.com,STnBwn5D6DQw,"21738727",Tito,Beecham,2
433,22466,mgebbc0@hud.gov,"2BTqO8u","52832556",Marv,Gebb,2
434,9109,cheiglc1@elpais.com,VNH0ZOtFsf,"47720542",Cherey,Heigl,2
435,6616,aaldissc2@google.com.br,"7Lf1zxA","36384834",Angelia,Aldiss,2
436,14368,jblakewayc3@tripadvisor.com,RcXMsjm7Y1,"53791295",Jefferey,Blakeway,2
437,20552,enaseyc4@irs.gov,LG0XlIHNeLHX,"48267103",Emmie,Nasey,2
438,12007,pjobbc5@facebook.com,loEkmuI3,"25463998",Patrica,Jobb,2
439,7766,lhovendenc6@dmoz.org,"3qr6mYdbo","46366406",Larina,Hovenden,2
440,9705,dhaythornc7@guardian.co.uk,rEjKJg,"37142886",Drusie,Haythorn,2
441,11821,otaillantc8@diigo.com,dAv4S32b9t,"57689048",Otis,Taillant,2
442,19699,ptezurec9@blog.com,AcNjIggY,"40733250",Penni,Tezure,2
443,24330,bvanschafflaerca@barnesandnoble.com,Pu2ME2P,"84536881",Bobby,Van Schafflaer,2
444,1446,rgallifontcb@home.pl,tPvByt8,"42817336",Riva,Gallifont,2
445,35814,ascamwellcc@redcross.org,imCoNxADjGK,"61378117",Adela,Scamwell,2
446,14609,ldemchencd@tmall.com,hj2Jkmvj6sM,"64293156",Lorilyn,Demchen,2
447,13970,nmelledyce@sbwire.com,tPxcr0QeI,"51824453",Nestor,Melledy,2
448,20889,pbaccupcf@dmoz.org,"41ndHp8pF","69776820",Pauly,Baccup,2
449,15237,llonnoncg@samsung.com,l2NNiX,"65382206",Lizzy,Lonnon,2
450,18409,kconrathch@cafepress.com,ooSOiMExX5h,"88977358",Kerwinn,Conrath,2
451,15158,htriplettci@mayoclinic.com,uRLxH4pY0,"45290354",Harriette,Triplett,2
452,16185,dscardcj@yahoo.com,iDsrfD,"87861577",Debera,Scard,2
453,4870,flargenck@engadget.com,dV3DUkmT2dk,"30788862",Fernanda,Largen,2
454,2660,rriallcl@census.gov,"1YHTNs","25907817",Rosabelle,Riall,2
455,20789,awalascm@cocolog-nifty.com,OrBk4xAT,"84109494",Addia,Walas,2
456,32641,cbernadoncn@bravesites.com,OgiuOHn9CO,"57391195",Christan,Bernadon,2
457,24276,jgawkesco@techcrunch.com,qTg6KW8pV,"61254741",Juli,Gawkes,2
458,34266,sscothroncp@opensource.org,B0bPWBm,"37202070",Spence,Scothron,2
459,13723,ecyseleycq@unesco.org,"0co3MwCZs","84470378",Elysha,Cyseley,2
460,34365,hmalshercr@patch.com,GffzbuXng,"57797971",Hershel,Malsher,2
461,35441,mchrispincs@prnewswire.com,eIsNphP5,"44963932",Molly,Chrispin,2
462,11714,cmanterfieldct@webs.com,qwo3EMEScZW,"22060143",Carly,Manterfield,2
463,8701,jpotecu@economist.com,qgfRs0bM,"84785347",John,Pote,2
464,2422,cfittallcv@nih.gov,JDPTJTFig8C,"92033905",Celka,Fittall,2
465,15426,rgoldstrawcw@blogtalkradio.com,"0GPWNt3eb","42652356",Robina,Goldstraw,2
466,23287,hcoursoncx@boston.com,RTRYPmOxe76d,"77458254",Hildagard,Courson,2
467,21824,crhyscy@samsung.com,Y2uzcjvvP7TX,"39000511",Cathee,Rhys,2
468,8898,oizachikcz@google.es,Xh7ibRV8Tr,"99344720",Ofelia,Izachik,2
469,13910,npitkeathlyd0@amazon.co.jp,h9jYP6uP,"88431605",Neale,Pitkeathly,2
470,33266,msawersd1@qq.com,RG55Aoef,"96224674",Mortie,Sawers,2
471,32821,pmaltsterd2@toplist.cz,BG2vMua5S57Z,"20566285",Pammi,Maltster,2
472,13242,wfoisterd3@dailymail.co.uk,IsYKfhJBYV,"21975465",Wendye,Foister,2
473,17387,lucchinod4@pcworld.com,Zi2nxUr,"30789857",Lilian,Ucchino,2
474,13804,eabelld5@google.de,IYs5BkT6wKN,"44864684",Ealasaid,Abell,2
475,16208,fkinglaked6@instagram.com,"3alOj7Ix","21836504",Francesco,Kinglake,2
476,31808,vpallantd7@wix.com,aWxJYQmLTH2o,"43242357",Vinni,Pallant,2
477,1418,bwhimperd8@addthis.com,jnrlJ2SHIx,"51374301",Brittne,Whimper,2
478,21945,gcrippelld9@nhs.uk,mqmkZnD,"25391331",Gill,Crippell,2
479,32391,mcaustonda@msu.edu,dftVKLE6mRxd,"22660015",Meredith,Causton,2
480,24527,caizikovitchdb@acquirethisname.com,oLh1kk3DYGp,"35880873",Cybil,Aizikovitch,2
481,33447,keastcottdc@blogspot.com,COaxepxN,"88384356",Killie,Eastcott,2
482,16237,khayedd@nyu.edu,rALYDmx3,"44275717",Kissee,Haye,2
483,22187,barmatidgede@bloomberg.com,ICu1GBVzMc,"86449084",Batholomew,Armatidge,2
484,17294,tleonardedf@vinaora.com,CzMPJJ2,"27752013",Truda,Leonarde,2
485,7691,kandryunindg@dedecms.com,CpMQIp49aVTc,"75124483",Karee,Andryunin,2
486,10949,ctawsedh@examiner.com,"4xAk3efFkljb","53189392",Clarita,Tawse,2
487,16682,vantrobusdi@google.com,THjvKC9,"54503147",Vanny,Antrobus,2
488,1301,jsankeydj@pinterest.com,MCilriz,"52952452",Jaymee,Sankey,2
489,35441,mdisbrowdk@fc2.com,uvP8msjwYda,"98694585",Mellicent,Disbrow,2
490,34246,fupexdl@123-reg.co.uk,ogFRsCOQVT,"27706360",Florri,Upex,2
491,22121,bdunckleedm@quantcast.com,Me50Jz,"28934672",Biddy,Duncklee,2
492,5931,dliddicoatdn@google.fr,"0eLImR0pHbaC","86526439",Debra,Liddicoat,2
493,37307,dschoutdo@hexun.com,eBlDSbxU,"62875823",Darbie,Schout,2
494,15330,smorteodp@pen.io,whzkLL,"43963187",Steffane,Morteo,2
495,18758,wkehirdq@nyu.edu,dZx9THr,"40654732",Whitney,Kehir,2
496,16307,avaynedr@army.mil,NCMtKoAVrwJD,"85291270",Antony,Vayne,2
497,13938,dtatchellds@latimes.com,se0OXDcJ3jCz,"88761590",Dell,Tatchell,2
498,7447,aatleedt@cbc.ca,iinL6Vp,"68158308",Arlan,Atlee,2
499,4729,eposcheldu@joomla.org,yy4Ftm,"30450888",Emelita,Poschel,2
500,36330,hknewstubbdv@w3.org,pO7LqCPr0urh,"86754422",Hamel,Knewstubb,2
501,6911,kdarbendw@accuweather.com,rgs5f6,"87229432",Kelila,Darben,2
502,26709,wbrendishdx@msu.edu,XLWN7Nt,"79320618",Woodman,Brendish,2
503,20733,aknowlesdy@slashdot.org,x6FATGPjr,"71366047",Ariella,Knowles,2
504,37148,mpethrickdz@cloudflare.com,HtO2RREAgHh,"41526380",Mariya,Pethrick,2
505,6874,rroubottome0@theglobeandmail.com,lJk8H8y,"29866065",Rafaela,Roubottom,2
506,6051,rmelane1@creativecommons.org,hoDKZQQv6Ke,"61726743",Roma,Melan,2
507,38884,bcantore2@imgur.com,"1HUJRWx0q32T","99585906",Bradney,Cantor,2
508,11776,gpetschele3@reddit.com,BTX335OHsj4,"31133275",Gerhard,Petschel,2
509,31710,gallporte4@google.cn,BpXX6Qf,"76672597",Giraud,Allport,2
510,12645,lrisbiee5@nature.com,SRPxuzEiXRRZ,"52067852",Lucina,Risbie,2
511,880,cglisanee6@alibaba.com,uaMj92fW,"71841972",Celestine,Glisane,2
512,35864,rcastagnerie7@upenn.edu,YYeiEhMJo2,"87294098",Ross,Castagneri,2
513,11601,omccartye8@bigcartel.com,OvUqnl,"36253171",Othilia,McCarty,2
514,4356,oteagere9@sbwire.com,CA2WPfEk,"56414832",Olivia,Teager,2
515,5974,mkennfordea@google.com.br,FYz703FC,"23154919",Manolo,Kennford,2
516,6506,ballsobrookeb@fotki.com,"8kKYbxJwgb","31196490",Bo,Allsobrook,2
517,22687,cbourrelec@nydailynews.com,vrmu0T,"52765881",Catharina,Bourrel,2
518,6152,kgiacomuccied@ibm.com,or9uOA,"72490469",Katrina,Giacomucci,2
519,18254,pelcockee@ibm.com,X8ULyz,"93431449",Padgett,Elcock,2
520,26906,rjuschkaef@blogtalkradio.com,H3SwaldMLO,"63496288",Rianon,Juschka,2
521,8886,fforkaneg@nyu.edu,Vv2dEb5wZr,"46315655",Franni,Forkan,2
522,14157,crogereh@de.vu,RxvIqJKIH,"29609764",Christoper,Roger,2
523,11612,cgoodwinei@smh.com.au,sOivmc7BcZni,"90776886",Cullan,Goodwin,2
524,21374,dskermej@twitter.com,uUOnY1o,"79124395",Darnell,Skerm,2
525,10964,renricoek@google.pl,Qmddy9lRULb,"56358740",Ryan,Enrico,2
526,20869,mstuchberryel@spotify.com,jQ8vkE,"50979973",Murdock,Stuchberry,2
527,31209,cmalliaem@youku.com,Po8pzEJ3,"89932671",Chauncey,Mallia,2
528,27584,kskimen@goo.ne.jp,NL70ue7pJZCj,"22603303",Krystalle,Skim,2
529,7586,tbuckeleo@hubpages.com,"8rqmKSy","87381996",Tory,Buckel,2
530,20392,cturvieep@netscape.com,bsAYsvI046,"93874408",Chanda,Turvie,2
531,22607,bkittlesseq@creativecommons.org,r1ixm4YcL,"84869146",Brenn,Kittless,2
532,21200,athistletoner@dell.com,Cx2EpQolV,"46559506",Abbe,Thistleton,2
533,31217,mbrogiotties@tripod.com,QiNGCnSNRQ,"33355894",Mano,Brogiotti,2
534,20486,schrismaset@google.com.br,uvTBrPRHmlSq,"90133339",Saunderson,Chrismas,2
535,972,cblaksleyeu@amazon.co.uk,Lzk5kxVFcZRb,"35521839",Carolann,Blaksley,2
536,13255,tdietscheev@prnewswire.com,"1oWXH8ZTVm8","28368505",Talia,Dietsche,2
537,9091,tenburyew@webmd.com,"4vj9NPLvTr","23316439",Tad,Enbury,2
538,2623,cboyettex@usatoday.com,"4RboQpz","91289724",Charmain,Boyett,2
539,5094,aduleney@cornell.edu,idMHdUJs1UWl,"73903025",Agnesse,Dulen,2
540,6030,amourtonez@tumblr.com,tJi5mc1F7i9,"25829031",Alva,Mourton,2
541,21986,osaichf0@weibo.com,niKMKhw,"54488180",Orran,Saich,2
542,10042,kmacdearmidf1@lycos.com,y9L3gemt,"22664271",Kelsey,MacDearmid,2
543,18780,mpartnerf2@tripadvisor.com,IvML25tTp3l,"88025410",Marje,Partner,2
544,33648,cswaylandf3@mapy.cz,oClsf3BhCoR,"21417611",Corrinne,Swayland,2
545,18922,abaynardf4@i2i.jp,cjjz3F,"85471062",Annabel,Baynard,2
546,19800,hcollatonf5@yahoo.co.jp,NnbsxQFte72,"49240235",Henryetta,Collaton,2
547,5160,ngettonef6@cnbc.com,sjIuAxVG,"29975340",Nerita,Gettone,2
548,1820,hfirlef7@upenn.edu,YNCYYZfzYKr,"64793325",Haywood,Firle,2
549,4668,cosmintf8@storify.com,"4ywujlRu","52407198",Chance,Osmint,2
550,2395,mmouldingf9@huffingtonpost.com,HdQNzsUyqO,"92776685",Martita,Moulding,2
551,37394,lfearesfa@hostgator.com,jaoTT9DTPas,"36508520",Lexis,Feares,2
552,7066,grentoulfb@instagram.com,DtR7cQmOLiSk,"46571624",Garvy,Rentoul,2
553,5089,rmacdonellfc@ebay.co.uk,JXsvnu,"25103507",Randall,MacDonell,2
554,8650,hpontinfd@engadget.com,v7KeS6kjoT3V,"98494081",Hubert,Pontin,2
555,19829,fsheardownfe@clickbank.net,mNv19Wf2iPFK,"26101417",Filberto,Sheardown,2
556,5836,aswepsonff@tuttocitta.it,UNsZISa,"22503959",Augustus,Swepson,2
557,36970,slambotfg@cmu.edu,EwPRIt9,"91341190",Suki,Lambot,2
558,18362,rwilkensonfh@meetup.com,wJJ2XKeuZ6,"98755490",Reagen,Wilkenson,2
559,7338,ncoghlanfi@imageshack.us,YtJWZ1dhoATY,"37221952",Nolan,Coghlan,2
560,767,fsangofj@guardian.co.uk,r30n3c,"40400795",Florinda,Sango,2
561,26674,sgiorginifk@cnn.com,aArXRfX,"31180153",Skippie,Giorgini,2
562,8894,hrichardotfl@archive.org,f6eKBtFXIS7,"83568610",Hadrian,Richardot,2
563,24545,twillisfm@abc.net.au,nGNC2G,"25501090",Tyson,Willis,2
564,38352,gyacobsohnfn@chronoengine.com,UNObVPy,"72645669",Germaine,Yacobsohn,2
565,10830,cblaydfo@shutterfly.com,VivFFy2GbYYC,"86949785",Corabella,Blayd,2
566,31108,blattyfp@ucla.edu,gxF9zI,"97455738",Benyamin,Latty,2
567,6548,srussifq@desdev.cn,LyQBo5,"83327819",Shem,Russi,2
568,822,bferrelifr@craigslist.org,XZxfSe9ThXo,"82206404",Bert,Ferreli,2
569,31797,pbrabantfs@parallels.com,NHgJk6vqcP,"24006387",Peterus,Brabant,2
570,30117,voleninft@noaa.gov,F3QHIr0y9Ksv,"79114687",Vinny,Olenin,2
571,963,qsaturleyfu@tripod.com,Q8bc666f,"54203586",Quint,Saturley,2
572,26981,aroderickfv@umn.edu,"5GJqO2w8","47732054",Alysia,Roderick,2
573,9745,jnajarafw@google.ru,xby6OsNhb,"37106905",Jon,Najara,2
574,37214,asawfordefx@slashdot.org,cnKkXRk7Ft3,"67774969",Aviva,Sawforde,2
575,34922,akubecfy@vistaprint.com,Zj6VvGrq,"75031221",Aimee,Kubec,2
576,27056,ptyersfz@archive.org,Zlf5aF,"44959243",Peg,Tyers,2
577,15937,mlecountg0@webeden.co.uk,YlIP1lLjp0,"23538019",Martina,Lecount,2
578,37140,temmisong1@goo.ne.jp,tuMJwQJUsA,"51740844",Tilly,Emmison,2
579,17590,npitkaithlyg2@netscape.com,UnW8CM77,"37850073",Nita,Pitkaithly,2
580,19354,bdummerg3@ted.com,V1SXa9,"35818175",Brooke,Dummer,2
581,31187,dransomg4@hud.gov,wi8VKqsi,"55800208",Devy,Ransom,2
582,22287,cchalleng5@epa.gov,DLpx0CjhRGJ,"80742610",Clare,Challen,2
583,16735,sjazeg6@blogspot.com,BjxJxS,"73448112",Sissie,Jaze,2
584,7547,loeng7@biblegateway.com,av1fdplk,"42771503",Liuka,Oen,2
585,38118,hleighfieldg8@digg.com,YttxHb,"54341935",Hannie,Leighfield,2
586,11064,lmcdougleg9@360.cn,KTgKDaiev,"63335765",Lorena,McDougle,2
587,7285,ndevignega@cyberchimps.com,iAjCPj,"73956987",Nicolina,Devigne,2
588,37352,bbadgergb@cnbc.com,AMFXFd4Ij,"35446270",Budd,Badger,2
589,1789,icrispgc@usgs.gov,JCOQKMT,"41871947",Isiahi,Crisp,2
590,16123,eostickgd@nationalgeographic.com,gWrYiQ7wFmF,"63074509",Evelina,Ostick,2
591,30886,echasmerge@noaa.gov,bzIwr3B,"70623921",Elwin,Chasmer,2
592,1521,npakesgf@mtv.com,"0SH1K4","45329790",Nell,Pakes,2
593,667,bcowderoygg@jimdo.com,pRlCL6aLMI,"43443647",Bernardo,Cowderoy,2
594,3008,prungegh@psu.edu,WqwWyN,"33481504",Patsy,Runge,2
595,2794,fgidneygi@reddit.com,J17tNd,"70643321",Fey,Gidney,2
596,22594,hetheredgegj@nba.com,yVRN5Fu0w,"99885274",Harland,Etheredge,2
597,10132,ggimletgk@gnu.org,"2bcc1iMn42","31665839",Gayle,Gimlet,2
598,10444,vrossantgl@miibeian.gov.cn,Jo5TUjV,"78318762",Vaclav,Rossant,2
599,6900,fbiggadikegm@blog.com,BtporKL,"72867786",Frederick,Biggadike,2
600,18916,mmecogn@flickr.com,cVxdizlPb,"49917302",Melessa,Meco,2
601,10175,prosergo@altervista.org,AMXUF4RxI,"88862945",Padraig,Roser,2
602,18297,gtotterdillgp@moonfruit.com,fIm0JK,"93510693",Geneva,Totterdill,2
603,13800,bbengq@gov.uk,"7uzK8X4uAQ8T","93318033",Butch,Ben,2
604,31893,mwynegr@ucla.edu,"0gYSvgzhlz","75914961",Merissa,Wyne,2
605,14039,aoreagangs@wix.com,DWQt2a,"35035881",Alanah,O' Reagan,2
606,21557,idudeneygt@facebook.com,cXiUSG,"96494610",Idette,Dudeney,2
607,38886,wkillickgu@rambler.ru,UEdMAtqa,"36859775",Willis,Killick,2
608,38335,blambournegv@reverbnation.com,MRCtT7f,"55362825",Brooks,Lambourne,2
609,18852,cpaulotgw@time.com,Sl6JARw,"36286682",Celinda,Paulot,2
610,24313,gwrightamgx@google.fr,"6jZQx1B4TNJp","32084995",Gary,Wrightam,2
611,18652,hjiggengy@businessinsider.com,RxJVpLxY6,"74780741",Haskell,Jiggen,2
612,15725,smardygz@unesco.org,mQgVLaD4sJty,"51630090",Shirleen,Mardy,2
613,33892,ayurygynh0@google.com.hk,fmLmebs8U0f,"43110215",Ami,Yurygyn,2
614,14636,slarchiereh1@dagondesign.com,tk6RYEn,"26787806",Steffane,Larchiere,2
615,7540,plenthallh2@loc.gov,"3sK6eI5vt","35894914",Pietrek,Lenthall,2
616,17437,apassmoreh3@army.mil,"5TZTHmHN3","88245196",Abbe,Passmore,2
617,23364,wfinnieh4@toplist.cz,deAUrT,"56970868",Wynne,Finnie,2
618,26219,clatorreh5@chronoengine.com,"4ifBJp","75081334",Cindy,La Torre,2
619,28248,sgoaneh6@drupal.org,uBV5dWFT15k,"96464423",Shurwood,Goane,2
620,23567,jmanjoth7@nymag.com,crnKyE02i2Jr,"66333795",Joannes,Manjot,2
621,683,ltrevaskissh8@weather.com,"2FQJpsHnjxpr","75084127",Lurleen,Trevaskiss,2
622,11186,cmarielh9@irs.gov,"4iXZLxKzZBl","69052503",Cris,Mariel,2
623,414,dbrannanha@bigcartel.com,"5RMCQyj","86579189",Dianemarie,Brannan,2
624,10650,kbartrophb@drupal.org,mpAZl1gO,"60939402",Karoly,Bartrop,2
625,35432,cdelphhc@prlog.org,"23keGx","21447121",Cleo,Delph,2
626,37657,slampehd@stanford.edu,"6xeHyqUo9fYB","83432865",Si,Lampe,2
627,28335,awolfendenhe@skype.com,"41c8FC","51475360",Arlen,Wolfenden,2
628,38237,erutherforthhf@google.com,"4qvqvS","43357948",Edsel,Rutherforth,2
629,25658,kstitsonhg@apple.com,AWAuhhD6XPlL,"47022570",Kimberlee,Stitson,2
630,35439,pwhileyhh@uiuc.edu,LzaNKt177,"51413014",Phedra,Whiley,2
631,21337,lgillibrandhi@bbb.org,E6P236csexlB,"87178327",Lisabeth,Gillibrand,2
632,30307,jchacehj@shareasale.com,YfLRuhzXW5R3,"24057626",Jakie,Chace,2
633,26028,cmcclellandhk@sakura.ne.jp,Pw9wUhIZ,"27623180",Cortie,McClelland,2
634,35522,drubrowhl@1688.com,yjljXg,"78799715",Dale,Rubrow,2
635,9064,tayreshm@bloglovin.com,lbETjGK,"47686765",Tasia,Ayres,2
636,38404,uhickeringillhn@ed.gov,JpmHhjhb,"70576619",Ursala,Hickeringill,2
637,38398,vbeardowho@oakley.com,"6qn10F","59766506",Valery,Beardow,2
638,27333,bkhanhp@biglobe.ne.jp,jm1c5VDWrt1,"32187082",Bettina,Khan,2
639,31018,bpigginhq@dell.com,"8Rqu9uo","40465300",Bram,Piggin,2
640,10967,qdeeveyhr@pen.io,wRYN2PLB8J,"97140256",Quill,Deevey,2
641,34196,eivoryhs@oakley.com,WCbOhNiM,"80483408",Eyde,Ivory,2
642,20869,rharbisonht@sogou.com,"1XLS2ED","58442771",Rozella,Harbison,2
643,9318,mkenwellhu@accuweather.com,AyZZ4F,"95866445",Matelda,Kenwell,2
644,8018,naspallhv@cbc.ca,nf3hDaiHPeBr,"33059374",Nessa,Aspall,2
645,20010,jgoltonhw@usda.gov,wX6B9b66IEK,"40826047",Jacquelynn,Golton,2
646,21413,vmoresbyhx@yahoo.com,qmakbkHH,"38667359",Veronique,Moresby,2
647,2356,lleprovosthy@nih.gov,"8WHozXJ4rEY8","85512404",Louisa,Le Provost,2
648,38028,jbroosehz@eventbrite.com,BPjgCctM,"92349837",Jeannette,Broose,2
649,9056,bdorrancei0@dot.gov,LG0sdF8,"78524155",Becki,Dorrance,2
650,22897,mhilandi1@sbwire.com,D4ryyEqQOl,"20806115",Mill,Hiland,2
651,3365,bemmetti2@github.com,ZOIHS6lu,"67469358",Blondell,Emmett,2
652,16314,adionisi3@geocities.com,OusBCNo,"41422768",Ainsley,Dionis,2
653,1011,bapfleri4@dailymail.co.uk,w9H2Hgd9L,"89424519",Bambie,Apfler,2
654,19206,shymeri5@flickr.com,zKp1gAoiXdJ,"34232134",Sofie,Hymer,2
655,8079,hcurgenueri6@yandex.ru,lncq4JJPB,"37636906",Harli,Curgenuer,2
656,38913,acordinglyi7@unesco.org,"11dVy7cQb","20989835",Alexandre,Cordingly,2
657,23952,lvischii8@japanpost.jp,lQ2VRST0Q,"71509067",Lelah,Vischi,2
658,8699,cwaszkiewiczi9@narod.ru,fEiln7D2r,"67848558",Cami,Waszkiewicz,2
659,32090,abrennenstuhlia@devhub.com,h3Ul4kA,"48027367",Arron,Brennenstuhl,2
660,25959,cyannikovib@baidu.com,vrO4Nd,"75975755",Chad,Yannikov,2
661,6991,bmoulinic@artisteer.com,CMX6FFNXRY,"95958950",Blaine,Moulin,2
662,10601,lmckertonid@4shared.com,ZzIMDB1chy,"80697661",Levin,McKerton,2
663,3023,bendecottie@admin.ch,kB0Vwf,"85174042",Bernardina,Endecott,2
664,15660,abarstowkif@cdbaby.com,EQnG0JOnpWH,"77231922",Ag,Barstowk,2
665,8076,mslaineyig@naver.com,b4pNbOn,"87493485",Morganica,Slainey,2
666,26982,psmalridgeih@abc.net.au,"5wv91TSjfHT","53796901",Paulina,Smalridge,2
667,11084,gglanceyii@geocities.com,"6D9nxA4crq","83311631",Garwood,Glancey,2
668,3637,cbonnysonij@spiegel.de,PqThTmUZdcJd,"59582666",Cathlene,Bonnyson,2
669,4287,ccankettik@china.com.cn,lPQKNyO,"41502833",Curr,Cankett,2
670,12727,kwemil@bizjournals.com,kXPIZZJcto,"71817045",Kellia,Wem,2
671,21484,iaronsim@miibeian.gov.cn,ghE1QpELu,"56985859",Issie,Arons,2
672,31965,emcenenyin@linkedin.com,GIPlBh,"48538650",Everett,McEneny,2
673,18404,lblabberio@hugedomains.com,dKO0zKfro,"33687897",Latia,Blabber,2
674,28884,kfarninip@jalbum.net,uQxU2k8wqsM,"86482390",Kort,Farnin,2
675,37447,kbolleniq@artisteer.com,lO97BELU,"93426539",Karmen,Bollen,2
676,25871,gbillyardir@army.mil,RYnckh7J,"71312941",Garrard,Billyard,2
677,22237,rbartheletis@icq.com,ordRnXA1P,"32260541",Roch,Barthelet,2
678,35608,tbennyit@sbwire.com,LUHAgapM4HJ,"75364353",Tuckie,Benny,2
679,3436,mdiloniu@google.co.uk,AyIdfV63,"40157531",Merv,Dilon,2
680,668,bedmeadiv@epa.gov,MA2p4jgL,"99123830",Babs,Edmead,2
681,35764,dnatalieiw@shutterfly.com,ojLEaEM27g8,"32157924",Dee,Natalie,2
682,35829,mdwellyix@salon.com,av0Xdz,"53027749",Munmro,Dwelly,2
683,1142,ephippsiy@constantcontact.com,pL1NB4ODhk8z,"20107419",Enrico,Phipps,2
684,4838,cjekylliz@amazon.de,Qgfpft9f884i,"77493694",Cassie,Jekyll,2
685,23730,wduligallj0@npr.org,vaWz7iSpyu,"97842551",Wilone,Duligall,2
686,762,abuckneyj1@sciencedaily.com,JUhYOeL9,"30434983",Aile,Buckney,2
687,9996,tknappittj2@mashable.com,mYN0bDqp,"62614021",Tirrell,Knappitt,2
688,31255,estientonj3@yolasite.com,EjhmB1b9,"88669872",Ettie,Stienton,2
689,6538,bgemnettj4@macromedia.com,Vhl97VfExA,"77015039",Boy,Gemnett,2
690,31407,etillsj5@goo.gl,FHrNL3NsQUXC,"34715669",Elka,Tills,2
691,8849,mtruswellj6@amazonaws.com,TfQeoF,"56107095",Malena,Truswell,2
692,24981,ceringeyj7@skyrock.com,aRHfijgrIU0a,"73748390",Charil,Eringey,2
693,30002,smcnamaraj8@reference.com,"6ppJOcGOP","41461229",Sapphire,McNamara,2
694,28451,tnewlinj9@engadget.com,w5GDQTJKhmp,"68889736",Thorvald,Newlin,2
695,11242,spaceja@photobucket.com,OkHiGH6t,"88977364",Sibilla,Pace,2
696,9974,ehammersleyjb@woothemes.com,RpuWvS9KaxL6,"66490000",Ernestine,Hammersley,2
697,38032,icohrsjc@google.nl,nicXHDRC,"21752739",Israel,Cohrs,2
698,39007,gblaslijd@amazon.co.uk,X5tkNs,"67499472",Gerrie,Blasli,2
699,28155,bsaggsje@instagram.com,NaqZM65S,"45725341",Beitris,Saggs,2
700,22510,jkettleyjf@comcast.net,RzxwU5JAza,"81850481",Jade,Kettley,2
701,17437,dgorthyjg@nature.com,HOA9Rrnh,"43522732",Danny,Gorthy,2
702,23168,lkeysalljh@va.gov,lZ6fn3p,"56831439",Laurella,Keysall,2
703,14450,cingryji@auda.org.au,GTsRtMkTLNd,"29556059",Cris,Ingry,2
704,29267,omicklemjj@biblegateway.com,ibV2mXS,"22309154",Otes,Micklem,2
705,27848,cfiddianjk@skyrock.com,zvmiWY,"75876538",Cassius,Fiddian,2
706,25263,abarbiejl@deliciousdays.com,"8XJLrZECJuD","26997395",Abeu,Barbie,2
707,8233,waynoldjm@digg.com,G25AW4,"79272089",Wilhelmina,Aynold,2
708,18028,cbrambilljn@linkedin.com,DxbEMW,"60019903",Creight,Brambill,2
709,9668,wkynanjo@webnode.com,"5OcJh8k","23742071",Wallis,Kynan,2
710,24318,gwainscotjp@nifty.com,jo11Gk,"26967179",Garek,Wainscot,2
711,10409,bcooljq@vimeo.com,zEi5tgBcF0J,"94190663",Benedikt,Cool,2
712,33650,askunesjr@hc360.com,uGTwnl,"99523908",Ashla,Skunes,2
713,29153,keimjs@tumblr.com,CKKfvaTeS,"78807086",Karol,Eim,2
714,28200,jwybornjt@virginia.edu,w0IQaZE,"62973344",Jeralee,Wyborn,2
715,4735,jstolbergerju@flavors.me,PnyXNYOypLx,"42602344",Jocelyn,Stolberger,2
716,39008,wstennersjv@godaddy.com,f6nOicau4fOE,"62625089",Weylin,Stenners,2
717,29502,vdichejw@fastcompany.com,nVQjp2A0b,"70484797",Violette,Diche,2
718,29451,tswindonjx@lycos.com,yVrvsATMws,"79624136",Tate,Swindon,2
719,31531,dblindtjy@bizjournals.com,"8PzzxTtRau","51216287",Darice,Blindt,2
720,17960,cpinejz@linkedin.com,MumLdAOo,"72327560",Clemmy,Pine,2
721,3520,edibiaggik0@epa.gov,"7nAzy7J4","78323429",Emilia,Di Biaggi,2
722,30963,dkinghornk1@biblegateway.com,ciu9fta,"48332531",Dinny,Kinghorn,2
723,5589,yjantelk2@miibeian.gov.cn,"13Q2yqBSyN","41258642",Yvor,Jantel,2
724,24786,dhollowsk3@networksolutions.com,"1ArsRJAb","65419410",Desmond,Hollows,2
725,30436,iashnessk4@google.co.jp,"3qwdSqdCUh2M","58520270",Idette,Ashness,2
726,14395,dspencek5@sfgate.com,WP6vUp,"21469383",Debora,Spence,2
727,25425,hearpk6@cmu.edu,BK6pfgKlVjE,"73195683",Hewie,Earp,2
728,27371,kabbadok7@google.de,Ye8q7ozs,"33052030",Kora,Abbado,2
729,10799,bkeppyk8@msu.edu,WPgNMS4l0,"99515726",Bird,Keppy,2
730,35358,tstoffelsk9@barnesandnoble.com,Qg062YfYgsqv,"81282153",Trudy,Stoffels,2
731,188,sriverska@buzzfeed.com,"5c1MQpUVQ","93177000",Serge,Rivers,2
732,4548,aormondekb@hexun.com,"8WcWPFaB0J","25118012",Abby,Ormonde,2
733,11239,mcoultishkc@reuters.com,Ca3mbvlDU443,"74921278",Mona,Coultish,2
734,10203,ajelkskd@flickr.com,qXjX2sMs9,"22698728",Aura,Jelks,2
735,9461,fspatigke@slideshare.net,lUwnb5mlq,"67818089",Farrah,Spatig,2
736,36933,mwrettumkf@narod.ru,AS339g6ui,"78576582",Myrtice,Wrettum,2
737,36450,fmaccookkg@alexa.com,JQYHYe0m7aPL,"49929865",Felicio,MacCook,2
738,12965,mprattkh@xing.com,"6gKhlAlAqCRe","96828151",Moses,Pratt,2
739,29194,dhatherellki@mit.edu,O1PTUeL3E,"45839273",Dukey,Hatherell,2
740,14238,imcalorenkj@europa.eu,zdZNWMbyQv,"25830054",Isabella,McAloren,2
741,26873,wbachelorkk@guardian.co.uk,gUCY3vRrn,"86269325",Willow,Bachelor,2
742,16990,lserchwellkl@behance.net,OVUjmi9LJ,"27319667",Laurie,Serchwell,2
743,1060,mlattimerkm@deliciousdays.com,J8cLsz,"42083517",Mandy,Lattimer,2
744,33740,tmussenkn@yahoo.com,HxvQWqG,"96471311",Trude,Mussen,2
745,2895,esphinxeko@google.com.au,YrEWfg0R2,"68190345",Estrellita,Sphinxe,2
746,23331,ggoulstonkp@taobao.com,qSZCV3s,"81107588",Gunilla,Goulston,2
747,35970,dlowtherkq@theatlantic.com,yb13schbI,"53782425",Druci,Lowther,2
748,30296,crosenfarbkr@mashable.com,ykLsxN,"52058310",Clare,Rosenfarb,2
749,21187,skynmanks@plala.or.jp,ZbJXehG,"89545760",Sal,Kynman,2
750,13990,nbondykt@canalblog.com,JQiZef9,"21561948",Ninnetta,Bondy,2
751,10246,obickersku@foxnews.com,NhJxIPJQUxgN,"76080575",Omero,Bickers,2
752,7770,tsucklingkv@naver.com,hM5HIV,"38986634",Tatum,Suckling,2
753,2782,omcdonnellkw@artisteer.com,RrvFLN0T,"41404789",Ola,McDonnell,2
754,9782,tbothamkx@squidoo.com,"8gBfyH7qf","28595378",Thelma,Botham,2
755,12448,edelloydky@networkadvertising.org,tOTJ6v2mB,"52159223",Elke,de Lloyd,2
756,16871,blemanukz@ox.ac.uk,jJkJifCgmrI,"69207779",Booth,Lemanu,2
757,6171,mdayel0@is.gd,gbDW91,"28112562",Manny,Daye,2
758,26627,equilkinl1@sina.com.cn,MBYGJ4gA,"98293140",Evered,Quilkin,2
759,21122,ntorresl2@mysql.com,Kfwms8,"74524577",Nancee,Torres,2
760,21620,bkeigherl3@amazon.co.uk,ePu5dO,"81100472",Bing,Keigher,2
761,27794,kmorricel4@arizona.edu,dt14hu2VhoU,"36524182",Krystyna,Morrice,2
762,17455,hbarnbyl5@xing.com,GHS4c6AN,"81879470",Ham,Barnby,2
763,21287,jgettenl6@ehow.com,GGGSS7G,"27677346",Joela,Getten,2
764,11344,rjosephsonl7@desdev.cn,xXIrQSfMlZC,"71894012",Rhianna,Josephson,2
765,27758,fsarjantl8@yelp.com,l8QKmi,"83933558",Freddie,Sarjant,2
766,19489,egaifordl9@alibaba.com,"5TcknDYRlr","58240367",Elise,Gaiford,2
767,11760,llynnettla@craigslist.org,vtICwGtw,"77394511",Lauren,Lynnett,2
768,38960,alavelllb@scribd.com,"4ZM2dwG7e","80424749",Anastassia,Lavell,2
769,22528,jsanperelc@phoca.cz,BRPd0ZoVZ,"88182414",Jobie,Sanpere,2
770,22998,lselwinld@sbwire.com,"6rEYRT","23173814",Lolita,Selwin,2
771,14141,hguerreirole@redcross.org,kw7gz66O,"26270240",Hillery,Guerreiro,2
772,29009,ofaintlf@ox.ac.uk,oGtZc3NDKsUy,"67989410",Osbourne,Faint,2
773,16887,gfachelg@pbs.org,eVjHxZy9,"74851699",Gaultiero,Fache,2
774,5248,smcallanlh@linkedin.com,SGFUEJPQt,"73342568",Scott,McAllan,2
775,22638,nbotterellli@hao123.com,JtzDe98VH,"64211605",Nicoline,Botterell,2
776,14970,nashmentlj@goodreads.com,VF8jJ5q5VWo,"49143923",Nikaniki,Ashment,2
777,32527,vonionlk@ebay.com,qHE9ekwS2,"31620543",Vinny,Onion,2
778,32646,gpriestlandll@who.int,cxOaOO,"93266137",Gael,Priestland,2
779,28113,oroccalm@biblegateway.com,Atr5gHjjLmDO,"61614805",Ofella,Rocca,2
780,6881,sstanexln@slate.com,WgSiu5,"86072087",Sebastiano,Stanex,2
781,17900,dbeverstocklo@redcross.org,C7F1Pl,"60444915",Delmor,Beverstock,2
782,7683,cwastalllp@yellowbook.com,I3SL1y7X,"77328686",Corbie,Wastall,2
783,1443,bgreeplq@shutterfly.com,gKTeUiL,"85631451",Byrom,Greep,2
784,13177,fanthonylr@wordpress.org,Ej65dE,"92758612",Feliks,Anthony,2
785,15993,jfathersls@flickr.com,"98As2y","70577792",Jeromy,Fathers,2
786,2881,fsnoxalllt@sciencedaily.com,pwhDKT,"59840207",Fernando,Snoxall,2
787,19331,eokeeffelu@ox.ac.uk,"2vLq1680s","99970920",Elora,O'Keeffe,2
788,17541,llejeunelv@4shared.com,dr3pS8,"27582044",Lavinie,Lejeune,2
789,2362,cmacnallylw@cpanel.net,Qzzimb4NaUW,"34581513",Chick,MacNally,2
790,14863,hroyanlx@yahoo.com,knaiB0G9U4,"63387420",Harriott,Royan,2
791,8074,zchristonly@dagondesign.com,fBMUz8ChXuP,"86460207",Zerk,Christon,2
792,14916,cdourinlz@sun.com,"4sL8A5f","98869398",Celestyna,Dourin,2
793,5144,bosharkeym0@ameblo.jp,"5sYdC9Fn","65197454",Brody,O'Sharkey,2
794,36373,lhedgeleym1@storify.com,F1Pb31,"63617068",Latia,Hedgeley,2
795,2108,jcaygillm2@oaic.gov.au,bLmn8t6EQ5zT,"95899101",Jeremias,Caygill,2
796,28613,awordsleym3@simplemachines.org,gfaDBOg,"68424224",Adara,Wordsley,2
797,14453,pdouglissm4@mapy.cz,jy2fGNX4HoHu,"72137982",Pattin,Dougliss,2
798,21553,hkaysm5@alexa.com,mKtEyw9yDB,"87113079",Herrick,Kays,2
799,36268,apreedym6@ted.com,GkbmyXy,"88299978",Anne,Preedy,2
800,13131,lhollylandm7@pcworld.com,rorXdSdRXWuj,"25401959",Liz,Hollyland,2
801,36146,wfrantzenm8@booking.com,XzfXc5,"90784382",Wiatt,Frantzen,2
802,6392,grickerm9@paypal.com,bpwG43qA,"32021283",Georgina,Ricker,2
803,36179,pivanchikovma@loc.gov,aLg0gwTEyQ7d,"65157404",Pete,Ivanchikov,2
804,20666,mricardemb@webmd.com,AknwEQwN,"22688178",Moyna,Ricarde,2
805,18842,sgiampietromc@unblog.fr,"4R5u11w","77363091",Shayla,Giampietro,2
806,17150,cbassettmd@acquirethisname.com,T8JVNwwtY,"78561580",Christan,Bassett,2
807,36139,mgurnayme@sun.com,oJPIJIPXS7Ds,"64304401",Mill,Gurnay,2
808,21146,cfidoemf@ca.gov,oRmbwr2cS,"93011445",Creight,Fidoe,2
809,3774,tdybbemg@gnu.org,RCp67Yfcz,"92214336",Tracy,Dybbe,2
810,32431,gcripsmh@bizjournals.com,GD1Xt0GleFv,"96597451",Guillaume,Crips,2
811,36538,sflecknellmi@bizjournals.com,E2tyMVrg,"71263888",Sheffie,Flecknell,2
812,31290,fswithenbymj@amazonaws.com,cHekfvCC,"76906503",Feodora,Swithenby,2
813,10554,mmitchardmk@ocn.ne.jp,"4WAWxLM1","78534760",Mitch,Mitchard,2
814,6605,kmanisml@whitehouse.gov,MpIGhsRQc,"97848107",Karissa,Manis,2
815,22441,wbruinsmm@marriott.com,zbThri77U,"75999225",Win,Bruins,2
816,26223,sheishammn@purevolume.com,gGfqEu,"66376744",Sabina,Heisham,2
817,27037,cpresslandmo@last.fm,QoOS0xrJYxf,"37502941",Cesar,Pressland,2
818,6192,atackleymp@disqus.com,K6NHTipucKz9,"45949532",Alia,Tackley,2
819,37623,cfronczakmq@odnoklassniki.ru,PkkTErZ,"51403137",Clareta,Fronczak,2
820,851,darnizmr@dailymotion.com,"8zc6H3tmf9","48295662",Dedie,Arniz,2
821,5354,fdcostams@goo.ne.jp,HoeK51,"73432492",Felizio,D'Costa,2
822,4237,vroneymt@icq.com,Eeft3XM,"26110445",Violetta,Roney,2
823,36368,msachnomu@hibu.com,NUGBKF3h,"46465300",Miran,Sachno,2
824,33577,dshiresmv@over-blog.com,cTww7cLFu,"22022231",Dewitt,Shires,2
825,3053,lgresonmw@ibm.com,W2Prk4UDO7,"83933847",Lexie,Greson,2
826,20837,nhadgkissmx@alexa.com,shuhgW5Q,"83954310",Natty,Hadgkiss,2
827,36805,mairetonmy@shareasale.com,pcjpDU,"29037947",Madelina,Aireton,2
828,34924,ssibbetmz@yelp.com,uutI8X4ATK,"98401365",Shadow,Sibbet,2
829,30745,abampkinn0@cbc.ca,WlYwjgw2l,"50726148",Angil,Bampkin,2
830,1552,swoolagern1@dagondesign.com,"2rk1eA","59726838",Siobhan,Woolager,2
831,20622,cleilen2@un.org,"6NzkZz7syBC","54724561",Clemmy,Leile,2
832,31988,ndonnann3@tinyurl.com,Gg9UJ8m5D4vV,"84245470",Nananne,Donnan,2
833,2838,hleverittn4@de.vu,SnKs6w,"36819527",Harold,Leveritt,2
834,15277,gstanwayn5@ed.gov,Od9t8NW2f,"30036863",Gerta,Stanway,2
835,22748,mdavsonn6@ow.ly,A5jQygDyP,"52202465",Mel,Davson,2
836,37025,ichatern7@earthlink.net,esbkjR,"94395316",Irvine,Chater,2
837,25306,gnorssistern8@unc.edu,XIBubOamL,"42082169",Giulia,Norssister,2
838,28846,jgylesn9@mail.ru,VsRpDTK8,"54824669",Janaye,Gyles,2
839,17000,jsinnockna@g.co,GTNkvpCTZ,"51089999",Jobina,Sinnock,2
840,753,hcassarnb@squarespace.com,UrbUgNI,"63415046",Howard,Cassar,2
841,17048,spesternc@nyu.edu,ZEOO1tOR,"28208405",Sibeal,Pester,2
842,19203,imitchelsonnd@digg.com,xKLkw6Qt0QF,"71242910",Iona,Mitchelson,2
843,79,mconnowne@istockphoto.com,J8unUQPeUgT,"81020483",Melita,Connow,2
844,34704,pmyderscoughnf@about.com,hjIZKfJiC,"90829265",Park,Myderscough,2
845,17597,pgallowayng@hao123.com,"9xHr9x2J","70405213",Papagena,Galloway,2
846,7613,janstynh@bloglovin.com,fKVAqBckPbX3,"86433412",Julia,Ansty,2
847,9813,lhasnipni@nba.com,XmKWf7,"59757981",Lydia,Hasnip,2
848,3409,kdenneynj@surveymonkey.com,IXtm7OeCG0,"44012392",Karin,Denney,2
849,27381,abrewinnk@1688.com,pCGZsI,"71017785",Alfie,Brewin,2
850,31269,cjellingsnl@nydailynews.com,"5C6Cbzd","33357099",Clayton,Jellings,2
851,1686,wpriddlenm@yahoo.co.jp,Ck4GDHOS,"60236391",Wes,Priddle,2
852,10325,wgellandnn@house.gov,"8tQ5AjLB","54535442",Waylon,Gelland,2
853,23945,jdartonno@fotki.com,IZHbIc1F,"69941563",Jeramie,Darton,2
854,19761,ppyernp@hibu.com,JSOavMtjAuc,"22650923",Parry,Pyer,2
855,19583,rkantornq@bloomberg.com,n12JDYB,"88512434",Rey,Kantor,2
856,31291,cbartzennr@sakura.ne.jp,iyY9HUJ4rT,"74862988",Carina,Bartzen,2
857,21111,ppardoens@pen.io,eGLY0kS90,"58086359",Penni,Pardoe,2
858,37139,dvaldent@slashdot.org,xr1VYc8NiflF,"87708563",Donal,Valde,2
859,4408,nbrasnu@amazon.de,lfFde0,"21404215",Nona,Bras,2
860,17087,rchooternv@trellian.com,QSG6yMP,"67447764",Ronalda,Chooter,2
861,15565,ogilchriestnw@psu.edu,Z9Ms0zuyQMR,"58491768",Olav,Gilchriest,2
862,18460,dgamlennx@aol.com,CNZSEprikG,"46259712",Dianna,Gamlen,2
863,3911,kpatronony@a8.net,DmT85V,"31224874",Koenraad,Patrono,2
864,14506,briggnz@sohu.com,HwoqyPPhVDwf,"38672485",Brooke,Rigg,2
865,1275,jdanilenkoo0@engadget.com,Ejt9CZiWDRi9,"51427984",Jarrid,Danilenko,2
866,13260,bdekneveto1@accuweather.com,KRFt4yn,"42796358",Bibbye,deKnevet,2
867,13862,dsaketo2@flavors.me,Pr1ROnjoIPI,"61638046",Danny,Saket,2
868,2500,ftukelyo3@google.it,zf65L5Qt,"54569675",Friedrick,Tukely,2
869,16668,ddoodsono4@google.de,As2cHHuoIwc,"46581684",Dido,Doodson,2
870,38058,ldoumerco5@ask.com,HyRVgODeSUf,"75894596",Lindsay,Doumerc,2
871,33148,lhoulwortho6@over-blog.com,RsB9pZR1PyY,"62777272",Lamont,Houlworth,2
872,8253,aclemonto7@woothemes.com,nMVPZLW,"35004705",Allard,Clemont,2
873,13296,tdimmneo8@bizjournals.com,AAHqCxp17,"54221964",Torr,Dimmne,2
874,23045,pstraino9@google.fr,L1l9rt,"90787769",Pablo,Strain,2
875,17379,rkonerdingoa@ftc.gov,iS7Ais,"71022910",Ricoriki,Konerding,2
876,2236,mbrunnerob@angelfire.com,RntuTbBLQnU,"86266209",Meridith,Brunner,2
877,18577,pterrettoc@tripod.com,d5xD4OZ0c,"76820467",Percival,Terrett,2
878,808,bwoodroofeod@sphinn.com,jyLdJTD,"60190938",Berti,Woodroofe,2
879,34622,nmaceoe@geocities.com,"3LGpkI9","98680205",Nickie,Mace,2
880,4328,nheismanof@cnn.com,NdSkVMOkAejh,"70482880",Nance,Heisman,2
881,27246,tmonkemanog@unesco.org,dpIWkdJf,"49636057",Terry,Monkeman,2
882,14460,swrightemoh@wordpress.org,KaiksS,"79886589",Silvanus,Wrightem,2
883,36880,ndurnfordoi@bloomberg.com,jhY9WJZGGSnU,"43100600",Nappie,Durnford,2
884,35766,aferrantoj@microsoft.com,dwowtiXESlj1,"63641783",Aurelie,Ferrant,2
885,35662,itriceok@ucsd.edu,GB0GqcMHC,"40891509",Idelle,Trice,2
886,7595,dshutleol@adobe.com,cuuL1ybQ7,"60540426",Desmond,Shutle,2
887,33184,mouletom@forbes.com,nEpF2x0,"99235191",Maire,Oulet,2
888,23711,hcorkishon@engadget.com,xgOb5V,"64159296",Hersh,Corkish,2
889,33956,eweathersoo@dion.ne.jp,BDNEC2BDaL1,"97606571",Ermanno,Weathers,2
890,27257,goleszczakop@who.int,JCXEgiBd,"37172836",Godfrey,Oleszczak,2
891,36968,ygallahueoq@cnbc.com,YBQk0d,"64012080",Yule,Gallahue,2
892,26105,nloaldayor@newsvine.com,"5XxImS10aHFh","78893316",Napoleon,Loalday,2
893,20014,fdobyos@shutterfly.com,ewbNeSKF,"70758636",Fremont,Doby,2
894,3754,wclemettsot@tinyurl.com,bfRQGK,"76818962",Willis,Clemetts,2
895,17732,dfendtou@myspace.com,"603mQV8","93237437",Darryl,Fendt,2
896,30779,aosipovov@biblegateway.com,ut0ZD45AO,"48509349",Alon,Osipov,2
897,15076,sdupoyow@home.pl,B3CDkCC,"98169083",Sanderson,Dupoy,2
898,21949,jdartheox@friendfeed.com,xvdcpWS0PJ,"73326815",Joelynn,Darthe,2
899,39256,ggianninioy@blogs.com,unGE51DaNpk5,"58153522",Gabey,Giannini,2
900,13487,kmasioz@sitemeter.com,poJWS5d,"84609027",Kurt,Masi,2
901,25533,lbellep0@mysql.com,Bq5VsU,"93627905",Leoline,Belle,2
902,24497,cstrephanp1@hao123.com,BB5OQHcf,"82060583",Celestia,Strephan,2
903,10794,hnaerupp2@seattletimes.com,iCKtOqf,"81788892",Husein,Naerup,2
904,2318,esalvinp3@w3.org,RW9nLa,"21876014",Emylee,Salvin,2
905,38497,lheaneyp4@comcast.net,xaABzM,"28100829",Linn,Heaney,2
906,22777,jcalviep5@pen.io,tsaZZ38v,"26365550",Julianna,Calvie,2
907,9932,mquailp6@exblog.jp,I0qkQe8lT,"22502997",Murdoch,Quail,2
908,15096,rsylvainep7@youtube.com,TLqwLXbII,"31311134",Rossy,Sylvaine,2
909,3092,tjerromp8@accuweather.com,NP2QN7aq,"94219634",Tine,Jerrom,2
910,2490,barnoudp9@bbc.co.uk,hL6wQjWtlHkM,"61248947",Bartholomeus,Arnoud,2
911,34843,obranscombepa@qq.com,hxe115uXt,"88068815",Oona,Branscombe,2
912,6896,ronionspb@t.co,i7bxoH,"50108404",Rod,O'Nions,2
913,30645,alatchfordpc@loc.gov,XH0O24SYAA,"93842172",Anson,Latchford,2
914,21353,hklimkovichpd@npr.org,Gs10PbFTGbj,"98803882",Hendrika,Klimkovich,2
915,24737,wwhymanpe@foxnews.com,SfKLVrwPR,"34791665",Wake,Whyman,2
916,38922,lastletpf@mysql.com,cZIcgZ,"69020325",Laurens,Astlet,2
917,26201,ncassiuspg@pbs.org,g0tPAB3Hxjs,"76100791",Nelson,Cassius,2
918,38284,fstokeph@facebook.com,pzLxCqlu,"98038593",Franz,Stoke,2
919,32843,rburlingpi@zimbio.com,nJTLktw3bz9A,"36591216",Ronnica,Burling,2
920,12862,mcreekpj@noaa.gov,KDRh4hXjo,"86266072",Matthiew,Creek,2
921,3050,dstockowpk@ca.gov,Xu6CYiaBos,"46801488",Darbie,Stockow,2
922,20914,dscandwrightpl@flickr.com,K0VKJq4n,"69163503",Danette,Scandwright,2
923,4030,lgoodsirpm@mtv.com,xXESfJh,"97330818",Livvie,Goodsir,2
924,21208,lrobeypn@tinypic.com,"82xqdI0","94321419",Lorry,Robey,2
925,17527,mvandecappellepo@trellian.com,"4u7pqdyC","75417496",Manya,Van De Cappelle,2
926,14763,ccastellonepp@vimeo.com,Dg6Hbokb,"20645702",Cecilio,Castellone,2
927,31396,ghousecraftpq@miibeian.gov.cn,pg4KiR2Pwa9,"85589629",Garrott,Housecraft,2
928,20365,ckunkelpr@narod.ru,bbKnYO,"30737624",Christel,Kunkel,2
929,9006,mbenedekps@ibm.com,yq9TMip8dJP,"70474413",Maurine,Benedek,2
930,24370,zsukbhanspt@ucla.edu,eLVquwZyN,"74134894",Zabrina,Sukbhans,2
931,34964,npogepu@nps.gov,xjEkBKY4SoY,"31125196",Noby,Poge,2
932,27675,wthakepv@theglobeandmail.com,j8AfBREOo9cj,"65812580",Whitney,Thake,2
933,30424,ekindonpw@mediafire.com,PZpaXDVe,"49584868",Em,Kindon,2
934,21758,okerrypx@google.cn,WswImkXN907K,"92134406",Otha,Kerry,2
935,35042,arodmellpy@simplemachines.org,cCjGJA1ii,"93825203",Arlyn,Rodmell,2
936,1066,tbachmannpz@microsoft.com,"0d1nOeRhd","53861575",Thornie,Bachmann,2
937,16833,kgostickq0@nih.gov,s47TDa,"56301098",Kessiah,Gostick,2
938,21296,lperesq1@indiegogo.com,zc24rvre,"29782040",Laverna,Peres,2
939,25462,vjigginsq2@chicagotribune.com,iJlKe2bM,"97932790",Violetta,Jiggins,2
940,32487,gcostinq3@a8.net,"4Fjo1mGOWI","93369033",Gretna,Costin,2
941,23014,minchboardq4@patch.com,VBgEPvrEhHid,"95106550",Marion,Inchboard,2
942,10412,hharriagnq5@vinaora.com,Mjgwif,"37471685",Holden,Harriagn,2
943,7556,icleefq6@twitpic.com,QOF6wFM0N,"35866362",Ilyssa,Cleef,2
944,32531,njozwikq7@mapquest.com,k9ZOx1FkN,"71617083",Nelly,Jozwik,2
945,31394,sgleesonq8@wired.com,a72YEgcbYaW,"71716289",Shena,Gleeson,2
946,37786,jgilbanksq9@go.com,WTWPee7Uh,"55427411",Jim,Gilbanks,2
947,19257,lgilvaryqa@nbcnews.com,cR399P,"69381971",Leonhard,Gilvary,2
948,36853,dthomsonqb@huffingtonpost.com,Ep2RpXmOxdL,"29722611",Dannel,Thomson,2
949,17342,edownhamqc@biglobe.ne.jp,wk5XTkE0Qu5W,"34680854",Erroll,Downham,2
950,21551,jgibbonsqd@hibu.com,k1u6oNjF,"54368629",Jemima,Gibbons,2
951,33361,lphillippoqe@people.com.cn,tpWdBPzAJRCH,"35121103",Lavinie,Phillippo,2
952,4951,arateqf@bluehost.com,XzYjN4zQCHS,"54681314",Adda,Rate,2
953,28772,ccowndleyqg@bing.com,hvW2NFRWPw,"24158992",Clarey,Cowndley,2
954,3429,spaggittqh@nymag.com,"4Zzf8J","83155431",Stacee,Paggitt,2
955,25942,dbroskeqi@umn.edu,wCYgE5v,"64686186",Daryl,Broske,2
956,3751,hchamberlaineqj@usgs.gov,BUkQG7WnO0c,"79850059",Hyacinthie,Chamberlaine,2
957,27788,bjaffreyqk@xrea.com,IRMncfIAuNQ,"52401630",Babette,Jaffrey,2
958,751,tabbesql@cocolog-nifty.com,YihJMotI,"54239574",Tremain,Abbes,2
959,38640,fparkmanqm@utexas.edu,Kn5UhPbFGs0,"30513960",Franz,Parkman,2
960,5184,jhaversqn@dailymotion.com,zkvhlFJ,"39884409",Jeff,Havers,2
961,31982,htarbetqo@yandex.ru,"9AxGFfQIbpE","81961879",Hans,Tarbet,2
962,23792,hchottyqp@people.com.cn,HCb9xF,"89104597",Helena,Chotty,2
963,38251,asideyqq@chicagotribune.com,mmbpBt,"53980108",Alta,Sidey,2
964,18428,lgariffqr@state.gov,cpmrjp,"75105245",Lanie,Gariff,2
965,36308,mkyddeqs@usda.gov,RMKc4TNR,"66977757",Mitchell,Kydde,2
966,36846,jmuzzilloqt@joomla.org,UNYuiFL5GrT,"80100211",Jammal,Muzzillo,2
967,19248,tbugsqu@desdev.cn,"0BqMt55V5l","95402946",Tamar,Bugs,2
968,36380,rmccafferkyqv@narod.ru,zNe81eOOh,"33831750",Rudolf,McCafferky,2
969,37830,ljeannequinqw@networkadvertising.org,Tdaar5OZZdEy,"35468194",Leonhard,Jeannequin,2
970,19178,mbaronqx@parallels.com,AgD9Lj2,"74027038",Micheline,Baron,2
971,18469,lmeusqy@theguardian.com,mELanL0fs,"58912391",Loella,Meus,2
972,1552,clettyqz@ucoz.com,o0DKWur,"89412190",Cash,Letty,2
973,16238,csuermeiersr0@nbcnews.com,LDbhCARce,"31929565",Cordell,Suermeiers,2
974,15494,ldeatonr1@sbwire.com,ukC0Sjjl,"22444144",Lane,Deaton,2
975,27522,ltraynorr2@technorati.com,gRipqmV7y1g,"87593478",Leila,Traynor,2
976,22997,emunslowr3@arizona.edu,hP5Wdpe,"25969938",Erda,Munslow,2
977,22390,ecarslaker4@usa.gov,v314DkBZ,"78309692",Emmet,Carslake,2
978,5305,itabnerr5@tuttocitta.it,vEKHybfloh,"40290035",Ilene,Tabner,2
979,18960,efoottitr6@seesaa.net,XSCE4VK,"98911283",Egor,Foottit,2
980,10684,ineilanr7@harvard.edu,VVjGW1y,"53375972",Ida,Neilan,2
981,35993,mstaversr8@jigsy.com,DDOwe4X,"56189446",Maisie,Stavers,2
982,12190,swaddyr9@time.com,ffXNFiNQc,"81943499",Sayres,Waddy,2
983,12669,fickera@ucoz.ru,"9hN92X7C","33834440",Fifine,Icke,2
984,36230,lmcgarrellrb@utexas.edu,Bi9q598Sa22,"60151219",Leora,McGarrell,2
985,11582,aervinrc@bizjournals.com,ropQtngDPc,"85150601",Ailbert,Ervin,2
986,18673,bneilandrd@google.co.jp,oRMdlOh,"91439615",Bord,Neiland,2
987,18579,jgosneyere@nytimes.com,"3W6M1M2P","49795044",Jessamyn,Gosneye,2
988,1225,rmcmeekinrf@theatlantic.com,oVcvjtmBtvG,"69250304",Renata,McMeekin,2
989,8636,ipowtonrg@amazonaws.com,uwsHzvB5yIr0,"59726650",Ignaz,Powton,2
990,33392,abacksonrh@studiopress.com,p1kwZtTq,"24058358",Aymer,Backson,2
991,16404,bfipperi@webs.com,"1D9s1RRUVg","30227100",Blair,Fippe,2
992,39198,rtomblingsrj@mtv.com,q5casiFO,"42605542",Ree,Tomblings,2
993,21651,drawlinsonrk@msn.com,GIrpVMT2pc,"48427484",Druci,Rawlinson,2
994,3581,wbuskerl@cornell.edu,Iyqjo1yl,"79034058",Wilden,Buske,2
995,32911,kbowartrm@princeton.edu,"0qDBCgO8OyQ","59520937",Karie,Bowart,2
996,33519,rbiermatowiczrn@oakley.com,S0Ki3H6O,"93329148",Roslyn,Biermatowicz,2
997,21837,edufrayro@patch.com,epKBlo4B0rly,"82643295",Elvis,Du Fray,2
998,12954,eprimettrp@woothemes.com,uVaiLGGi3d,"24454011",Ev,Primett,2
999,4071,cbarberq@deviantart.com,lk1YFQpy5rP,"69613892",Carlina,Barbe,2
1000,26918,khagardrr@github.io,"6x6k0roeCz","37526164",Kin,Hagard,2
