"id","address_id","email","password","phone","restaurant_name","role_id"
23,26577,igregsm@blogspot.com,abcdefg,"50214668",Height's Cafe - Hotel Bangalore International,1
24,27776,eakittn@mashable.com,abcdefg,"25905916",Cobaja,1
25,34780,ngourlieo@chron.com,abcdefg,"29619094",Nossa Goa,1
26,30828,gbloysp@hostgator.com,abcdefg,"98257968",China South,1
27,23784,rfaasq@amazon.com,abcdefg,"55402967",Gobble Up Churros Cafe,1
28,5913,dtavinorr@networkadvertising.org,abcdefg,"55929731",Ente Keralam,1
29,13262,mjoselevitchs@vimeo.com,abcdefg,"38810929",Mirchi Bites- Spice Heaven,1
30,7435,gbarrast@exblog.jp,abcdefg,"58186476",Kaayal,1
31,18461,dcrushu@usa.gov,abcdefg,"38450234",Dilli Dil Se,1
32,8353,sbourbonv@amazon.co.uk,abcdefg,"32448613",Euki,1
33,10991,spaladinow@uol.com.br,abcdefg,"44216369",Cashmere Nites,1
34,11691,zwickwarthx@jiathis.com,abcdefg,"65012336",New Leaf Restaurant,1
35,18750,hrossbrooky@sbwire.com,abcdefg,"68441119",Homemade Food,1
36,38668,evignalz@diigo.com,abcdefg,"46983914",Delhi Highway,1
37,4513,rallsebrook10@posterous.com,abcdefg,"26651841",The Twisted Desi,1
38,16079,glucey11@dropbox.com,abcdefg,"22562105",Just Khao Suey,1
39,38552,nbarnhill12@cnet.com,abcdefg,"28777417",Donne Biriyani Mane,1
40,29748,cmulloch13@lulu.com,abcdefg,"47277623",Shawarma Inc,1
41,4501,emarcam14@i2i.jp,abcdefg,"50815030",Tunday Kababi,1
42,10407,pschowenburg15@businessinsider.com,abcdefg,"53727948",City Durbar,1
43,28302,btampion16@newyorker.com,abcdefg,"31050083","1441 Pizzeria",1
44,39013,rstubbings17@skyrock.com,abcdefg,"70690497",Indian Desi Momo,1
45,20809,kvolke18@simplemachines.org,abcdefg,"45712745",Rajdhani Thali Restaurant,1
46,25506,cpavey19@amazon.co.uk,abcdefg,"63660090",Maraheb Restaurant,1
47,30146,egirodias1a@weibo.com,abcdefg,"90544827",Khyma Biryani,1
48,15824,tranyell1b@chron.com,abcdefg,"31409305",Ammi's Biryani,1
49,27428,aakram1c@flavors.me,abcdefg,"53963987",Marhaba,1
50,20114,tmazey1d@joomla.org,abcdefg,"94417393",Vanas,1
51,9333,tmeakin1e@biblegateway.com,abcdefg,"68891802",Hotel Parampare,1
52,16965,gcarnachen1f@foxnews.com,abcdefg,"98454717",Malabar Mandra,1
53,24943,nboatright1g@ucla.edu,abcdefg,"76670414",Rasovara,1
54,2300,sgibbonson1h@vimeo.com,abcdefg,"37368929",Swasthi Spice Restaurant,1
55,16612,awarne1i@addthis.com,abcdefg,"73705284",Chickpet Donne Biryani House,1
56,6198,aspadeck1j@wordpress.com,abcdefg,"32037194",Deccan Kitchen,1
57,29183,mtrussman1k@mail.ru,abcdefg,"47401865",Sholay - The Barbeque,1
58,16232,ylarkkem1l@spotify.com,abcdefg,"79603447",Kuttanadu Family Restaurant,1
59,26679,sknotton1m@mapquest.com,abcdefg,"14158015927",Ute Food,1
60,8289,snagle1n@imdb.com,abcdefg,"14158729424",Lumbee Food,1
61,13289,bbowdery1o@odnoklassniki.ru,abcdefg,"14158759943",Salvadoran Food,1
62,11070,hmorena1p@army.mil,abcdefg,"14154952007",Korean Food,1
69,20308,mpau1w@mozilla.com,abcdefg,"14159438464",Colville Food,1
70,8102,bhayter1x@icio.us,abcdefg,"14159791587",Micronesian Food,1
71,34983,dkeenor1y@auda.org.au,abcdefg,"14154759398",Cheyenne Food,1
72,25306,scouthard1z@foxnews.com,abcdefg,"14158729957",Chickasaw Food,1
73,37540,edebrett20@bbc.co.uk,abcdefg,"14158729555",Potawatomi Food,1
74,1885,jsyddon21@acquirethisname.com,abcdefg,"14155254174",South American Food,1
75,33174,mmayhow22@google.de,abcdefg,"14158268199",Pakistani Food,1
76,8556,jmcilvaney23@house.gov,abcdefg,null,Eskimo Food,1
77,10053,ktruett24@bravesites.com,abcdefg,"14156995355",Polynesian Food,1
78,38358,ghedderly25@ebay.com,abcdefg,"14158729622",Sioux Food,1
79,5077,sbrecon26@example.com,abcdefg,"14158729328",Menominee Food,1
80,22578,jcradey27@forbes.com,abcdefg,"14154969916",Venezuelan Food,1
81,28408,ncosin28@jalbum.net,abcdefg,"14157778567",Iroquois Food,1
82,26782,pdury29@kickstarter.com,abcdefg,"14155432355",Bolivian Food,1
83,38354,rcarbery2a@independent.co.uk,abcdefg,"14153690222",Yuman Food,1
84,25856,mmccaughran2b@hugedomains.com,abcdefg,"17022349033",Fijian Food,1
85,9117,hsweetsur2c@i2i.jp,abcdefg,"14157414814",Navajo Food,1
86,16840,alegrand2d@mit.edu,abcdefg,"14027190407",Cherokee Food,1
87,15810,igethins2e@youtube.com,abcdefg,"14159717908",Paraguayan Food,1
88,34706,ltschirasche2f@yandex.ru,abcdefg,"14155167213",Yaqui Food,1
89,11359,pegginton2g@yolasite.com,abcdefg,"14156587308",Creek Food,1
90,3670,chuband2h@blinklist.com,abcdefg,"16508341812",Taiwanese Food,1
91,14657,ewretham2i@ucoz.com,abcdefg,"14159438464",Pueblo Food,1
92,830,hbaser2j@blogtalkradio.com,abcdefg,"16507879417",Blackfeet Food,1
93,14584,kshave2k@blogger.com,abcdefg,"14155291528",Osage Food,1
94,35117,mduchasteau2l@cocolog-nifty.com,abcdefg,"14158729589",Ecuadorian Food,1
95,18907,astirzaker2m@people.com.cn,abcdefg,"14157570968",Delaware Food,1
96,9613,mdemschke2n@smh.com.au,abcdefg,"14155291528",Mexican Food,1
97,19225,gwyvill2o@diigo.com,abcdefg,"14156440838",White Food,1
98,5670,stille2p@abc.net.au,abcdefg,"14153082103",Guamanian Food,1
99,25341,cdollin2q@jalbum.net,abcdefg,"14156587577",Samoan Food,1
100,1886,vbeven2r@yellowpages.com,abcdefg,"14152350902",Japanese Food,1
101,6022,sduncklee2s@tinyurl.com,abcdefg,"14159882631",Honduran Food,1
102,7521,dtenwick2t@linkedin.com,abcdefg,"14158303944",Paiute Food,1
103,24394,rvandaalen2u@elpais.com,abcdefg,"14155216389",Hmong Food,1
104,2811,jbrosch2v@mlb.com,abcdefg,"14154049756",Spaniard Food,1
105,36103,dsampson2w@issuu.com,abcdefg,"14159354785",Vietnamese Food,1
106,3276,hlugton2x@time.com,abcdefg,"14153082103",Thai Food,1
107,39252,tmanuello2y@msn.com,abcdefg,"14155127153",Melanesian Food,1
108,13994,jpfertner2z@nymag.com,abcdefg,"14153078844",Tongan Food,1
109,22538,ealexandre30@prlog.org,abcdefg,"14156448377",Shoshone Food,1
110,22888,aconvery31@sogou.com,abcdefg,"14155592452",Asian Indian Food,1
111,5687,econstable32@discovery.com,abcdefg,"16282026676",Argentinian Food,1
112,10663,isherreard33@sun.com,abcdefg,"14159049888",Crow Food,1
113,27097,nteck34@list-manage.com,abcdefg,"14152376529",Daltfresh,1
114,1168,cfilippello35@exblog.jp,abcdefg,"14157696389",Ronstring,1
115,34259,zendle36@odnoklassniki.ru,abcdefg,"14155982887",Prodder,1
116,20031,jcredland37@phoca.cz,abcdefg,"14155592452",Stringtough,1
117,13920,dlinfield38@nih.gov,abcdefg,"14157863017",Temp,1
118,36747,tdemichele39@a8.net,abcdefg,"14158906577",Tempsoft,1
119,30682,akingman3a@imageshack.us,abcdefg,"14152376538",Wrapsafe,1
120,21105,estoneham3b@cocolog-nifty.com,abcdefg,"14087281547",Fintone,1
121,19672,mbayns3c@xing.com,abcdefg,"14155042421",Keylex,1
122,9593,aplanque3d@hp.com,abcdefg,"15107751553",Fintone,1
123,7144,eblock3e@pbs.org,abcdefg,"14152376529",Andalax,1
124,910,halesi3f@sakura.ne.jp,abcdefg,"16282026676",Sonair,1
125,13855,zwoodhams3g@youtube.com,abcdefg,"14152376529",Bytecard,1
126,22526,fdemetz3h@vimeo.com,abcdefg,"14152376529",Otcom,1
127,22337,mvine3i@bandcamp.com,abcdefg,"14156065291",Rank,1
128,26814,sguilloud3j@google.es,abcdefg,"19495436642",It,1
129,36653,chesbrook3k@seattletimes.com,abcdefg,"14152376529",Kanlam,1
130,13821,aculcheth3l@blogs.com,abcdefg,"14152376476",Flowdesk,1
131,21350,epointin3m@creativecommons.org,abcdefg,"14155042421",Otcom,1
132,11896,blayson3n@google.nl,abcdefg,"14152376494",Mat Lam Tam,1
133,1245,hduffin3o@craigslist.org,abcdefg,"14155128000",Tresom,1
134,38379,voxenden3p@answers.com,abcdefg,"15107591930",Mat Lam Tam,1
135,11787,schinnick3q@theglobeandmail.com,abcdefg,"14159156862",Alphazap,1
136,16807,bblowin3r@cam.ac.uk,abcdefg,"16504540128",Keylex,1
137,17053,ecakebread3s@cocolog-nifty.com,abcdefg,"14152376492",Holdlamis,1
138,7237,skilmurray3t@mtv.com,abcdefg,"14155042421",Voyatouch,1
139,38036,hcossans3u@ycombinator.com,abcdefg,"14159882631",Matsoft,1
140,29919,lmcneilley3v@vkontakte.ru,abcdefg,"16282026676",Y-find,1
141,17974,asimone3w@auda.org.au,abcdefg,"14152376529",Kanlam,1
142,23863,adibbin3x@whitehouse.gov,abcdefg,"14155466666",Regrant,1
1,29906,apietruszka0@abc.net.au,abcdefg,"54003881",Shree Mandarathi Grand,1
2,8391,cfance1@zdnet.com,abcdefg,"79939506",Shanthi Sagar,1
3,2412,astorre2@macromedia.com,abcdefg,"67531641",South Grand,1
4,7540,tvlasyev3@deviantart.com,abcdefg,"70345784",Kapoor's Cafe,1
5,26773,agayforth4@google.pl,abcdefg,"90859282",SLV Corner Restaurant,1
6,31475,rdoud5@yellowpages.com,abcdefg,"24791480",Roti Ghar,1
7,38873,jlowless6@vimeo.com,abcdefg,"97354833",Kadala Tarangaa,1
8,27782,mgoodwin7@tiny.cc,abcdefg,"83306378",Pizza Hut,1
9,8722,dstreetley8@newyorker.com,abcdefg,"58199657",New Prashanth Hotel,1
10,26359,cstirtle9@google.pl,abcdefg,"46929435",Swadd Kitchen,1
11,29386,gsatterfitta@ifeng.com,abcdefg,"64032908",Blue Berry Restaurant,1
12,9483,wpocockb@unc.edu,abcdefg,"49165798",Sai Santhi Cafe,1
13,21195,tparadinec@facebook.com,abcdefg,"72341516",Curry Flavours,1
14,16741,fsturzakerd@godaddy.com,abcdefg,"31245011",Dosa Time,1
15,11859,dcribbine@google.ru,abcdefg,"70793358",Atithi Food Park,1
16,37995,eskeldingef@wiley.com,abcdefg,"61609747",Cafe Treat - The Pride Hotel,1
17,9918,rdobrowolskig@ca.gov,abcdefg,"50636985",Xpress Biryani,1
18,23154,qdumbartonh@geocities.jp,abcdefg,"79622838",Kabab Magic,1
19,35974,rkondratenyai@aboutads.info,abcdefg,"33983955",The Good Grain,1
20,28255,gnorthoverj@comcast.net,abcdefg,"82426594",The Brekkie Shop,1
21,37593,hrogetk@sogou.com,abcdefg,"89894507",Shaadi Ki Biryani,1
22,30962,acarisl@google.nl,abcdefg,"55972452",Qissa Khawani,1
63,38868,cextill1q@youtube.com,abcdefg,"14158729957",Cambodian Food,1
64,15409,erouby1r@youtube.com,abcdefg,"14156559344",Chamorro Food,1
65,9852,kolensby1s@reuters.com,abcdefg,"14154951111",Indonesian Food,1
66,9055,cohollegan1t@virginia.edu,abcdefg,"14156559344",Uruguayan Food,1
67,31876,rchilton1u@blogs.com,abcdefg,"14159106737",Puerto Rican Food,1
68,9762,mletherbury1v@discovery.com,abcdefg,"14157772777",Aleut Food,1
